// Mem file initialization records.
//
// SW Build 6299465 on Fri Nov 14 12:34:56 MST 2025
// Vivado v2025.2 (64-bit)
// Copyright 1986-2022 Xilinx, Inc. All Rights Reserved.Copyright 2022-2025 Advanced Micro Devices, Inc. All Rights Reserved.
// Created on Thursday April 23, 2026 - 07:37:31 pm, from:
//
//     Map file     - /home/ck/Desktop/Workspace/FPGA_Workspace/Vivado/FMCW3/FMCW3.gen/sources_1/bd/microblaze/microblaze.bmm
//     Data file(s) - /home/ck/Desktop/Workspace/FPGA_Workspace/Vivado/FMCW3/FMCW3.srcs/sim_1/imports/build/FMCW3_App.elf
//
// Address space 'microblaze_i_microblaze_i_microblaze_0.microblaze_i_microblaze_i_microblaze_0_local_memory_lmb_bram_ADDR_SPACE', bit lane [31:0].
//
// Bus width = 32 bits, number of bus blocks = 1.

@00000000
    B0000000 B8080050 B0000000 B8081A40 B0000000 B8088080 00000000 00000000
    B0000000 B80815F0

@00000014
    B0000000 31A0BF58 B0000000 3040BA90 B0000000 3020CF00 B0000000 B9F40128
    80000000 B0000000 B9F432B4 30A30000 B8000000 B0000000 E060BF58 BC2300BC
    3021FFDC B0000000 3080AC78 FA61001C B0000000 3260AC7C B0000000 E860BF5C
    FAC10020 16649800 66730202 F9E10000 3273FFFF B0000000 32C0AC78 16531803
    BEB20034 30630001 64830402 C884B000 B0000000 F860BF5C 99FC2000 80000000
    B0000000 E860BF5C 16531803 BE52FFDC 30630001 B0000000 30600000 BE030020
    E9E10000 B0000000 30A0BF54 B000FFFF B9F4FEE0 80000000 E9E10000 EA61001C
    EAC10020 30600001 B0000000 F060BF58 B60F0008 30210024 B60F0008 80000000
    B0000000 30600000 BC030034 B0000000 30C0BF60 B0000000 30A0BF54 3021FFE4
    F9E10000 B000FFFF B9F4FE88 80000000 E9E10000 B60F0008 3021001C B60F0008
    80000000 2021FFD8 F9E10000 B0000000 20C0BF58 B0000000 20E0BF58 06463800
    BC720014 F8060000 20C60004 06463800 BC92FFF4 B0000000 20C0BF58 B0000000
    20E0C31C 06463800 BC720014 F8060000 20C60004 06463800 BC92FFF4 B0000000
    B9F4185C 80000000 B0000000 B9F4AA10 80000000 20C00000 20E00000 B0000000
    B9F40DFC 20A00000 32630000 B0000000 B9F4AA28 80000000 B0000000 B9F41818
    80000000 C9E10000 30730000 B60F0008 20210028 3021FFEC FA610010 12610000
    F8B30008 F8D3000C E8730008 F8730004 E8730004 E893000C F8830000 80000000
    10330000 EA610010 30210014 B60F0008 80000000 3021FFD8 F9E10000 FA610024
    12610000 B00044A0 30A00000 B0000000 B9F48718 80000000 F873001C E873001C
    BC230020 B0000000 30A0AEE0 B0000000 B9F47978 80000000 30600001 B80000AC
    E873001C E8630004 10E30000 E8D3001C B0000000 30A0BF78 B0000000 B9F48EC0
    80000000 F8730020 E8730020 BC030020 B0000000 30A0AEFC B0000000 B9F4792C
    80000000 30600001 B8000060 B0000000 30A0BF78 B0000000 B9F48720 80000000
    F8730020 E8730020 BC030020 B0000000 30A0AF18 B0000000 B9F478F0 80000000
    30600001 B8000024 B0000000 E860BF90 3063001C 10C00000 10A30000 B9F4FED8
    80000000 10600000 E9E10000 10330000 EA610024 30210028 B60F0008 80000000
    3021FFE0 F9E10000 FA61001C 12610000 F8B30024 F8D30028 E8730028 11030000
    10E00000 E8D30024 B0000000 30A0BF78 B0000000 B9F487A0 80000000 BC030020
    B0000000 30A0AF2C B0000000 B9F4785C 80000000 30600001 B8000008 10600000
    E9E10000 10330000 EA61001C 30210020 B60F0008 80000000 3021FFD8 F9E10000
    FA610024 12610000 F8B30020 E8730020 64630010 F073001C E8730020 64630008
    F073001D E8730020 F073001E 10C00000 B0000000 30A0BF78 B0000000 B9F48B18
    80000000 30C00003 3073001C 10A30000 B9F4FF30 80000000 30C00001 B0000000
    30A0BF78 B0000000 B9F48AEC 80000000 80000000 E9E10000 10330000 EA610024
    30210028 B60F0008 80000000 3021FFA8 F9E10000 FA61004C FAC10050 FAE10054
    12610000 F8B3005C F8D30060 B9F408B4 80000000 E8730060 E8630000 10A30000
    B0000000 B9F417DC 80000000 10830000 B0004974 30602400 58632180 F8730028
    E8730060 E8630004 10A30000 B0000000 B9F417B0 80000000 10830000 B0004974
    30602400 58632180 F873002C E8730060 E863000C F8730030 E8B30030 B0000000
    B9F42548 80000000 10A40000 10830000 30E00000 B0004163 310012D0 10C50000
    10A40000 B0000000 B9F41CD0 80000000 10A40000 10830000 F8930034 F8B30038
    E8730060 E8630010 F873003C E8B3003C B0000000 B9F424F4 80000000 10A40000
    10830000 30E00000 B000412E 31008480 10C50000 10A40000 B0000000 B9F41C7C
    80000000 10A40000 10830000 F8930040 F8B30044 E8730060 E0630015 A46300FF
    F8730048 E8730048 BC23000C F813005C B800000C 30600001 F873005C E8B30028
    B0000000 B9F41670 80000000 12C30000 12E40000 E8B3002C B0000000 B9F41658
    80000000 10A40000 10830000 F8810020 F8A10024 FAE1001C 11560000 E9130040
    E9330044 E8D30034 E8F30038 E8B3005C B9F4002C 80000000 80000000 E9E10000
    10330000 EA61004C EAC10050 EAE10054 30210058 B60F0008 80000000 3021FFA8
    F9E10000 FA61004C FAC10050 FAE10054 12610000 F8B3005C F8D30060 F8F30064
    F9130068 F933006C F9530070 30800000 B0003FEC 30A09C38 F8930020 F8B30024
    30608000 F4730028 30600001 F073002A 30E00000 B000417C 31009C38 E8B30060
    E8D30064 B0000000 B9F41ED0 80000000 10A40000 10830000 10C50000 10A40000
    B0000000 B9F41420 80000000 F473002C 30E00000 B000417C 31009C38 E8B30060
    E8D30064 B0000000 B9F41E90 80000000 10A40000 10830000 12C40000 12E50000
    E473002C 10A30000 B0000000 B9F42138 80000000 10A40000 10830000 10E40000
    11050000 10B60000 10D70000 B0000000 B9F41A4C 80000000 10A40000 10830000
    30E00000 B00040B0 31000000 10C50000 10A40000 B0000000 B9F41AA0 80000000
    10A40000 10830000 10C50000 10A40000 B0000000 B9F41370 80000000 F473002E
    30E00000 B000417C 31009C38 E8B30060 E8D30064 B0000000 B9F41DE0 80000000
    10A40000 10830000 12C40000 12E50000 E473002C 10A30000 B0000000 B9F42088
    80000000 10A40000 10830000 10E40000 11050000 10B60000 10D70000 B0000000
    B9F4199C 80000000 10A40000 10830000 30E00000 B00040B0 31000000 10C50000
    10A40000 B0000000 B9F419F0 80000000 10A40000 10830000 12C40000 12E50000
    E473002E 10A30000 B0000000 B9F42018 80000000 10A40000 10830000 10E40000
    11050000 10B60000 10D70000 B0000000 B9F4192C 80000000 10A40000 10830000
    30E00000 B00040C0 31000000 10C50000 10A40000 B0000000 B9F41980 80000000
    10A40000 10830000 10C50000 10A40000 B0000000 B9F41250 80000000 F4730030
    30600FFF F4730032 30E00000 B000417C 31009C38 E8B30078 E8D3007C B0000000
    B9F41938 80000000 10A40000 10830000 12C40000 12E50000 E4730032 10A30000
    B0000000 B9F41F60 80000000 10A40000 10830000 10E40000 11050000 10B60000
    10D70000 B0000000 B9F41C70 80000000 10A40000 10830000 10C50000 10A40000
    B0000000 B9F411C0 80000000 F4730034 E4730034 10A30000 B0000000 B9F4210C
    80000000 10A40000 10830000 30E00000 B000417C 31009C38 10C50000 10A40000
    B0000000 B9F41C14 80000000 10A40000 10830000 F8930038 F8B3003C E8F30038
    E913003C E8B30070 E8D30074 B0000000 B9F41BE8 80000000 10A40000 10830000
    10C50000 10A40000 B0000000 B9F41138 80000000 F8730040 E8B30040 B0000000
    B9F42088 80000000 10A40000 10830000 10E40000 11050000 E8B30068 E8D3006C
    B0000000 B9F41B94 80000000 10A40000 10830000 10C50000 10A40000 B0000000
    B9F410E4 80000000 F8730044 E8B30044 B0000000 B9F42034 80000000 12C30000
    12E40000 E4730028 10A30000 B0000000 B9F41E14 80000000 10A40000 10830000
    E8F30020 E9130024 10C50000 10A40000 B0000000 B9F417A4 80000000 10A40000
    10830000 10E40000 11050000 10B60000 10D70000 B0000000 B9F41B00 80000000
    10A40000 10830000 10C50000 10A40000 B0000000 B9F45D4C 80000000 10A40000
    10830000 B000FEFA 30E039EF B0003FE6 31002E42 10C50000 10A40000 B0000000
    B9F41AB8 80000000 10A40000 10830000 10C50000 10A40000 B0000000 B9F45E00
    80000000 10A40000 10830000 10C50000 10A40000 B0000000 B9F41E34 80000000
    F0730048 E8B30044 B0000000 B9F41F3C 80000000 12C30000 12E40000 E0730048
    30800001 44641C00 10A30000 B0000000 B9F41D14 80000000 10A40000 10830000
    E8F30020 E9130024 10C50000 10A40000 B0000000 B9F416A4 80000000 10A40000
    10830000 10E40000 11050000 10B60000 10D70000 B0000000 B9F41A00 80000000
    10A40000 10830000 10C50000 10A40000 B0000000 B9F40F50 80000000 F473004A
    F813001C F813001C E4730032 64830403 E873001C 80641800 B0000007 A0638007
    F873001C E8B3001C B9F401B4 80000000 F813001C E8730040 64830403 E873001C
    80641800 A0630006 F873001C E8B3001C B9F4018C 80000000 F813001C E0730048
    64830413 E473004A 64630403 80641800 10830000 E873001C 80641800 A0630005
    F873001C E8B3001C B9F40154 80000000 F813001C E073002A 64830407 E873001C
    80641800 B0000078 A0630004 F873001C E8B3001C B9F40128 80000000 F813001C
    E873005C A8630001 BC230010 E873001C A0630400 F873001C E873001C A0630043
    F873001C E8B3001C B9F400F4 80000000 F813001C E4730034 64830403 E873001C
    80641800 B0001E40 A0638002 F873001C E8B3001C B9F400C8 80000000 F813001C
    E4730030 6483040F E873001C 80641800 A0630001 F873001C E8B3001C B9F400A0
    80000000 F813001C E473002C 6483040F E473002E 64630403 80841800 E873001C
    80641800 B000F800 A0630000 F873001C E8B3001C B9F40068 80000000 80000000
    E9E10000 10330000 EA61004C EAC10050 EAE10054 30210058 B60F0008 80000000
    3021FFF8 F9E10000 FA610004 12610000 10A00000 B0000000 B9F407C8 80000000
    80000000 E9E10000 10330000 EA610004 30210008 B60F0008 80000000 3021FFD8
    F9E10000 FA610024 12610000 F8B30020 E8730020 64630018 F073001C E8730020
    64630010 F073001D E8730020 64630008 F073001E E8730020 F073001F 30A00001
    B0000000 B9F407AC 80000000 30C00001 B0000000 30A0BF78 B0000000 B9F48158
    80000000 31000004 10E00000 3073001C 10C30000 B0000000 30A0BF78 B0000000
    B9F47D34 80000000 10C00000 B0000000 30A0BF78 B0000000 B9F4811C 80000000
    30A00001 B0000000 B9F406F8 80000000 80000000 E9E10000 10330000 EA610024
    30210028 B60F0008 80000000 3021FFEC FA610010 12610000 F8B30008 F8D3000C
    E8730008 F8730004 E8730004 E893000C F8830000 80000000 10330000 EA610010
    30210014 B60F0008 80000000 3021FFE0 F9E10000 FA61001C 12610000 B0000000
    30A0AF44 B0000000 B9F46D60 80000000 B00044A1 30C00000 B0000000 30A0BFD4
    B0000000 B9F47998 80000000 B0000000 E860BFD4 B000FFF8 30C00000 10A30000
    B9F4FF6C 80000000 10600000 E9E10000 10330000 EA61001C 30210020 B60F0008
    80000000 3021FFE0 F9E10000 FA61001C 12610000 B00041C0 30C00000 B0000000
    30A0C040 B0000000 B9F486A0 80000000 BC030020 B0000000 30A0AF5C B0000000
    B9F429C8 80000000 30600001 B8000038 10C00000 B0000000 30A0C040 B0000000
    B9F48AE8 80000000 10C00000 B0000000 30A0C040 B0000000 B9F48710 80000000
    10600000 E9E10000 10330000 EA61001C 30210020 B60F0008 80000000 3021FFE0
    F9E10000 FA61001C 12610000 10C00000 B0000000 30A0C040 B0000000 B9F488D8
    80000000 E9E10000 10330000 EA61001C 30210020 B60F0008 80000000 3021FF48
    F9E10000 FA6100B0 FAC100B4 12610000 F8130020 B0000000 B9F40374 80000000
    B000FFFF B9F4F250 80000000 B0000000 B9F403CC 80000000 30A00002 B0000000
    B9F40550 80000000 30A00003 B0000000 B9F40540 80000000 30A00004 B0000000
    B9F40530 80000000 10A00000 B0000000 B9F40520 80000000 30A00001 B0000000
    B9F404C0 80000000 B9F4FE9C 80000000 F8730020 B9F4FE18 80000000 F8730020
    F813001C B800005C 80000000 B0000000 30A0BFD4 B0000000 B9F4763C 80000000
    BC03FFEC B0000000 30A0BFD4 B0000000 B9F47788 80000000 F873002C E873002C
    10A30000 30930030 E873001C 10641800 F0A30000 E873001C 30630001 F873001C
    E893001C 3060007F 16441801 BCB2FF9C E0730030 B0000000 F060C08B E0730031
    A46300FF 64830408 E0730032 A46300FF 80641800 B0000000 F860C080 E073003A
    A46300FF B0000000 F860C07C B0000000 E880C074 B0000000 E860C078 10641800
    F8730024 B0000000 E860C07C 10A30000 B0000000 B9F40B2C 80000000 10830000
    B000447A 30600000 5AC41900 E8B30024 B0000000 B9F40B0C 80000000 10830000
    B000447A 30600000 58632180 5863B180 10A30000 B0000000 B9F408FC 80000000
    F8730028 B0000000 30C0C074 10A00000 B000FFFF B9F4F2B8 80000000 30A00003
    B0000000 B9F4035C 80000000 B9F4FDD0 80000000 B0000000 F860C08C B0000000
    E860C094 A8830002 BC0400B0 30800002 16432003 BC52FFE8 BC030010 A8630001
    BC030018 B800FFD8 30600001 B0000000 F860C094 B80000A8 B9F4FD84 80000000
    10830000 B0000000 E860C08C 14632000 B0000000 F860C090 B0000000 E860C090
    10A30000 B0000000 B9F40A38 80000000 12C30000 B0000000 E860C07C 10A30000
    B0000000 B9F40A1C 80000000 10830000 B0004974 30602400 58641900 5863B260
    BC230008 B8000038 30600002 B0000000 F860C094 B8000028 30A00002 B0000000
    B9F40280 80000000 30A00004 B0000000 B9F40270 80000000 80000000 B800FF20
    3021FFF8 F9E10000 FA610004 12610000 B0000000 B9F46D48 80000000 B0000000
    B9F46D08 80000000 80000000 E9E10000 10330000 EA610004 30210008 B60F0008
    80000000 3021FFF8 F9E10000 FA610004 12610000 B0000000 B9F46C38 80000000
    B0000000 B9F46B60 80000000 80000000 E9E10000 10330000 EA610004 30210008
    B60F0008 80000000 3021FFF8 FA610004 12610000 80000000 10330000 EA610004
    30210008 B60F0008 80000000 3021FFE0 F9E10000 FA61001C 12610000 B9F4FF44
    80000000 B9F4FFC4 80000000 80000000 E9E10000 10330000 EA61001C 30210020
    B60F0008 80000000 3021FFE0 F9E10000 FA61001C 12610000 B9F4FF4C 80000000
    80000000 E9E10000 10330000 EA61001C 30210020 B60F0008 80000000 3021FFDC
    F9E10000 FA610020 12610000 B0004000 30C00000 B0000000 30A0C098 B0000000
    B9F46D48 80000000 F873001C E873001C BC030020 B0000000 30A0AF70 B0000000
    B9F467E8 80000000 30600001 B8000040 10E00000 30C00001 B0000000 30A0C098
    B0000000 B9F46E3C 80000000 10E00000 30C00001 B0000000 30A0C098 B0000000
    B9F46FD8 80000000 10600000 E9E10000 10330000 EA610020 30210024 B60F0008
    80000000 3021FFD8 F9E10000 FA610024 12610000 F4B30020 F4D30022 30C00001
    B0000000 30A0C098 B0000000 B9F46EB0 80000000 F473001C E4730020 A863FFFF
    10830000 E473001C 84641800 10A30000 E4930022 E4730020 84641800 80651800
    F473001C E473001C 10E30000 30C00001 B0000000 30A0C098 B0000000 B9F46F3C
    80000000 80000000 E9E10000 10330000 EA610024 30210028 B60F0008 80000000
    3021FFF0 F9E10000 FA61000C 12610000 F0B30008 E0730008 30800001 44641C00
    F4730004 E4D30004 E4B30004 B9F4FF38 80000000 80000000 E9E10000 10330000
    EA61000C 30210010 B60F0008 80000000 3021FFF0 F9E10000 FA61000C 12610000
    F0B30008 E0730008 30800001 44641C00 F4730004 30C00000 E4B30004 B9F4FEE8
    80000000 80000000 E9E10000 10330000 EA61000C 30210010 B60F0008 80000000
    3021FFAC F8610010 F8810014 F8A10018 F8C1001C FA210000 94A08001 F8A10050
    A0A50100 9405C001 94608005 A4A3001F A8C50001 BC260020 B0000000 3080BA98
    E8840008 B0000000 30C08170 88C43000 BC06008C A0C00014 14C53001 BC6601EC
    A0C00007 14C53001 BC860008 A0A00007 F8E10020 F9010024 F9210028 F941002C
    F9610030 F9810034 F9E10040 FA41004C B0000000 3080BA98 10E52800 10E73800
    10E73800 10E72000 E8A70004 C8E70000 99FC3800 80000000 E8E10020 E9010024
    E9210028 E941002C E9610030 E9810034 E9E10040 EA41004C B8000148 A4C303E0
    90C60041 90C60041 90C60041 90C60041 90C60041 B0000000 F0C0BA94 94808003
    A4C30400 BC26008C A4C30800 BC060040 E0A40000 B0000000 F0A0BA90 E0A40001
    B0000000 F0A0BA91 E0A40002 B0000000 F0A0BA92 E0A40003 B0000000 F0A0BA93
    B0000000 E860BA90 B8000024 E0A40000 B0000000 F0A0BA90 E0A40001 B0000000
    F0A0BA91 B0000000 E460BA90 B0000000 E0A0BA94 B0000000 30C01840 10A52800
    10A52800 10A52800 10A53000 98082800 B0000000 E0A0BA94 B0000000 30C01940
    10A52800 10A52800 10A52800 10A53000 98082800 94C08005 A4C60800 BC060040
    B0000000 F860BA90 B0000000 E060BA90 F0640000 B0000000 E060BA91 F0640001
    B0000000 E060BA92 F0640002 B0000000 E060BA93 F0640003 B8000028 B0000000
    F860BA90 B0000000 E060BA90 F0640000 B0000000 E060BA91 F0640001 B8000004
    EA210000 E8A10050 9405C001 E8610010 E8810014 E8A10018 E8C1001C 30210054
    B6910000 80000000 B8000000 00000000 80001800 B800FFCC B800FFF0 80000000
    80401800 B800FFBC F8610010 B800FFB4 F8610014 B800FFAC F8610018 B800FFA4
    F861001C B800FF9C 80E01800 B800FF94 81001800 B800FF8C 81201800 B800FF84
    81401800 B800FF7C 81601800 B800FF74 81801800 B800FF6C 81A01800 B800FF64
    81C01800 B800FF5C 81E01800 B800FF54 82001800 B800FF4C B800FF70 80000000
    82401800 B800FF3C 82601800 B800FF34 82801800 B800FF2C 82A01800 B800FF24
    82C01800 B800FF1C 82E01800 B800FF14 83001800 B800FF0C 83201800 B800FF04
    83401800 B800FEFC 83601800 B800FEF4 83801800 B800FEEC 83A01800 B800FEE4
    83C01800 B800FEDC 83E01800 B800FED4 80600000 B800FE60 B800FEF0 80000000
    80601000 B800FE50 E8610010 B800FE48 E8610014 B800FE40 E8610018 B800FE38
    E861001C B800FE30 80603800 B800FE28 80604000 B800FE20 80604800 B800FE18
    80605000 B800FE10 80605800 B800FE08 80606000 B800FE00 80606800 B800FDF8
    80607000 B800FDF0 80607800 B800FDE8 80608000 B800FDE0 B800FE70 80000000
    80609000 B800FDD0 80609800 B800FDC8 8060A000 B800FDC0 8060A800 B800FDB8
    8060B000 B800FDB0 8060B800 B800FDA8 8060C000 B800FDA0 8060C800 B800FD98
    8060D000 B800FD90 8060D800 B800FD88 8060E000 B800FD80 8060E800 B800FD78
    8060F000 B800FD70 8060F800 B800FD68 98085800 B60F0008 80000000 B60F0008
    80000000 B0000000 A527FFFF 65450010 65870010 416A4800 B0000000 A485FFFF
    40644800 40846000 65230010 10845800 11292000 164B4803 BEB20010 414A6000
    B0000001 314A0000 40A54000 B0000000 A463FFFF 40E73000 64890010 65290410
    10845000 10A53800 10691800 B60F0008 10852000 B0004F00 30800000 3021FFE4
    58C42A60 BE260020 F9E10000 B0000000 B9F400CC 80000000 E9E10000 B60F0008
    3021001C B0000000 B9F400B4 58A42880 E9E10000 B0008000 30630000 B60F0008
    3021001C 30E00000 B00041E0 31000000 3021FFDC FAC1001C FAE10020 F9E10000
    12C50000 B0000000 B9F40CAC 12E60000 BEA30028 10B60000 B0000000 B9F40E10
    10D70000 E9E10000 EAC1001C EAE10020 B60F0008 30210024 30E00000 B00041E0
    31000000 B0000000 B9F40634 10D70000 10C40000 B0000000 B9F40DD4 10A30000
    E9E10000 EAC1001C EAE10020 B0008000 30630000 B60F0008 30210024 10650000
    3021FFD0 30C1001C F861002C F9E10000 B0000000 B9F41190 30A1002C E861001C
    30800002 16432003 BEB2004C A8630004 BE030070 E8810020 E8610024 BE430038
    3080001E 16432001 BE52003C E8A10020 30C0001E 14833000 E8610028 BE05001C
    44632000 E9E10000 14630000 B60F0008 30210030 10600000 E9E10000 B60F0008
    30210030 10600000 E9E10000 8CA51C00 B0007FFF 3065FFFF B60F0008 30210030
    8C641C00 B0007FFF 3063FFFF B810FFD0 E9E10000 10650000 3021FFD0 30C1001C
    30A1002C F9E10000 B0000000 B9F410D8 F861002C E9210028 E8E10024 E8C10020
    E8A1001C 6509041E B0000000 B9F40DA4 65290002 E9E10000 B60F0008 30210030
    3021FFD0 F9E10000 FA61002C BE25002C F8010020 30600002 30A1001C B0000000
    B9F40EE0 F861001C E9E10000 EA61002C B60F0008 30210030 30800003 3060001E
    F881001C 12650000 B0000000 B9F40E24 F8610024 BE03003C 3083FFFF BE040068
    30A1001C 46732400 3060001E 14841800 FA610028 B0000000 B9F40E88 F8810024
    E9E10000 EA61002C B60F0008 30210030 90730041 A6730001 80639800 3080001F
    30A1001C F8810024 B0000000 B9F40E54 F8610028 E9E10000 EA61002C B60F0008
    30210030 B0000000 B9F40E38 FA610028 E9E10000 EA61002C B60F0008 30210030
    E8850000 31000001 16444003 BCB20344 E8660000 16434003 BCB20178 A9040004
    BE08030C A9030004 BC080168 A8630002 BE030150 A9040002 A8840002 BC040154
    3021FFE0 FA610004 FAC10008 FAE1000C FB010010 FB210014 FB410018 FB61001C
    E9650008 E8860008 EAC5000C EAE50010 E906000C E9260010 14645800 BE43024C
    3140003F 16435001 BCB20110 164B2001 BCB202C8 31200000 31000000 E9450004
    E8660004 886A1800 BC03014C BC0A0274 04964000 0CB74800 BEA50014 10C00000
    04840000 0CA50000 30C00001 B0000FFF 3060FFFF F8C70004 2104FFFF 2925FFFF
    16491803 BE520120 F9670008 88691800 BE0302B0 3060FFFE B0000FFF 3140FFFF
    11042000 64C4001F 10880000 10652800 80A61800 2104FFFF 2925FFFF B0000FFF
    A869FFFF 16495003 BE52001C 316BFFFF BE23FFD0 3060FFFE 16481803 BEB2FFC8
    11042000 30600003 F8670000 F887000C F8A70010 F9670008 10670000 EA610004
    EAC10008 EAE1000C EB010010 EB210014 EB410018 EB61001C B60F0008 30210020
    BE0800D4 10650000 B60F0008 80000000 B60F0008 10660000 BE03FF04 A5430020
    BE0A00F0 A883FFFF 44891800 BE0A00F8 11800000 3140FFFF 130C0000 472A1C00
    AB18FFFF AB39FFFF 85594800 84784000 80635000 11400000 8C635400 81041800
    E9450004 E8660004 886A1800 BE23FEC0 112C0000 00964000 08B74800 F9470004
    F9670008 B0001FFF 3060FFFF 30C00003 F887000C F8A70010 16451803 BEB2FF3C
    F8C70000 E8C70008 6505041F 90640041 80681800 A4840001 80632000 90A50041
    30860001 F867000C F8A70010 B810FF0C F8870008 E8650004 E9450008 E925000C
    E9050010 F8670004 F8870000 E8650004 E8860004 F9470008 F927000C 84632000
    F8670004 F9070010 B60F0008 10670000 11494800 454A2400 44881800 45891800
    808A2000 B0007FFF 3140FFFF 3260FFFF AB43FFFF 454AD000 47331C00 47131C00
    B810FF00 832AC800 146B2000 16435001 BE52FDBC A5430020 BE0A0090 3340FFFF
    13000000 3180FFFF 11580000 456C1C00 45971800 A94AFFFF A96BFFFF 846AB000
    854BB800 80635000 11400000 8C635400 12F80000 11640000 B810FD84 82CC1800
    0488B000 0CA9B800 B800FD90 A8830004 BE24FE58 10650000 E8850004 E8C60004
    B0000000 3060B314 88843000 BC24FE3C B60F0008 10650000 32E00000 32C00000
    B810FD3C 11640000 B0007FFF 3320FFFF A983FFFF 1277B800 AB63FFFF 47396000
    457A1C00 45961800 4673DC00 47171800 455A1C00 81795800 B810FF5C 81936000
    16481803 BCB2FD54 B800FE5C 11450000 11660000 11280000 11070000 3021FF98
    30C10044 F9E10000 F9410060 F9610064 F9010058 F921005C B0000000 B9F40FB8
    30A10060 30C10030 B0000000 B9F40FA8 30A10058 30C10030 30A10044 B9F4FC04
    30E1001C B0000000 B9F40C7C 10A30000 E9E10000 B60F0008 30210068 11450000
    11660000 11280000 11070000 3021FF98 30C10044 F9E10000 F9410060 F9610064
    F9010058 F921005C B0000000 B9F40F48 30A10060 30C10030 B0000000 B9F40F38
    30A10058 E8610034 30C10030 30A10044 30E1001C A8630001 B9F4FB88 F8610034
    B0000000 B9F40C00 10A30000 E9E10000 B60F0008 30210068 11450000 11660000
    11280000 11070000 3021FF78 30C10044 30A10060 F9E10000 FAC1006C F9410060
    F9610064 F9010058 F921005C FA610068 FB010070 FB210074 FB410078 FB61007C
    FB810080 B0000000 B9F40EAC FBA10084 30C10030 B0000000 B9F40E9C 30A10058
    E8610044 32C00001 1643B003 BE520050 EA610048 E8610034 8E731C00 30A10044
    FA610048 B0000000 B9F40B5C 80000000 E9E10000 EA610068 EAC1006C EB010070
    EB210074 EB410078 EB61007C EB810080 EBA10084 B60F0008 30210088 E8810030
    1644B003 BCB20040 A8A30004 BE250020 A8A40004 A8840002 B0000000 30A0B314
    BE04FFA4 E8610034 B800FF90 BE25002C A8630002 B0000000 30A0B314 BE03FF88
    EA610048 E8610034 8E731C00 30A10030 B810FF74 FA610034 EA610048 E8A10034
    BE03FF5C 8E732C00 A8840002 BE04FFE0 EB010050 EBA1003C 11000000 10F80000
    10BD0000 10C80000 EB410040 B000FFFF B9F4F6D4 EB810054 11000000 10F80000
    10BA0000 10C80000 13030000 B000FFFF B9F4F6B4 13240000 11000000 10FA0000
    10BC0000 10C80000 13430000 B000FFFF B9F4F694 13640000 11000000 10FD0000
    10BC0000 10C80000 13830000 B000FFFF B9F4F674 13A40000 10C30000 10E40000
    00C6D000 08E7D800 165B3803 BE520010 887B3800 BC0300FC 12C00000 31600000
    31400000 11260000 110A0000 0108C000 0929C800 16594803 BE520020 11760000
    88794800 BE230020 E861004C 16584003 BEB20018 E8C10038 214A0001 296B0000
    E861004C E8C10038 10870000 10A00000 10633000 B0001FFF 32C0FFFF 0084E000
    08A5E800 30630004 00845000 08A55800 F8610024 1645B003 BEB200C0 FA610020
    6565041F 6669041F 90E50041 91440041 A4C40001 10A70000 91880041 808B5000
    90E90041 BE060014 30630001 81136000 B0008000 A1270000 1645B003 BE52FFC8
    6565041F F8610024 A4C400FF A8C60080 BE060030 64E50418 30600003 F8810028
    F8A1002C F861001C B810FDBC 30A1001C 165A3003 BC52FF08 B810FF04 12C00000
    64640008 80671800 A8630001 A4630001 BE03FFC8 80684800 8C633400 BE03FFC0
    30600003 20C40080 28E50000 10A70000 B810FFAC A486FF00 B0000FFF 3260FFFF
    16459803 BE52FF88 A4C400FF 6584001F 6548001F 10C52800 10E42000 80CC3000
    10870000 10A60000 10E94800 11684000 BEA90010 3063FFFF A1040001 10880000
    110B0000 16459803 BEB2FFC4 812A3800 B810FF38 F8610024 11450000 11660000
    11280000 11070000 3021FF98 30C10030 30A1004C F9E10000 F941004C F9610050
    F9010044 F9210048 FA610054 FAC10058 FAE1005C FB010060 B0000000 B9F40B38
    FB210064 30C1001C B0000000 B9F40B28 30A10044 E8610030 30800001 16432003
    BE520038 E8C1001C 30A10030 B0000000 B9F407F4 80000000 E9E10000 EA610054
    EAC10058 EAE1005C EB010060 EB210064 B60F0008 30210068 16462003 BEB2FFD0
    30A1001C E8A10034 E8E10020 3083FFFE A484FFFD 88A53800 BE24001C F8A10034
    88633000 BC23FFA4 B0000000 30A0B314 B800FF9C A8660004 BE0300FC A8C60002
    BE060110 E8610038 E8C10024 E881003C E8A10040 E9410028 E961002C 14661800
    164B2803 BE520018 F8610038 88CB2800 BC260028 164A2003 BCB20020 11042000
    64E4001F 10880000 10C52800 3063FFFF F8610038 80A73000 B0001000 30C00000
    30E0003D 31200000 31000000 10600000 66E6041F 92C30041 30E7FFFF 164B2803
    BE520034 898B2800 82693000 BE2C0010 80681800 164A2003 BC52001C 070A2000
    0F2B2800 11030000 10980000 10B90000 11330000 6664001F 10642000 11852800
    10830000 90C60041 8077B000 BE27FFA4 80B36000 A46800FF A8630080 BE030044
    64C90418 F901003C F9210040 B810FEA0 30A10030 30A00000 30800000 F881003C
    F8A10040 F8610038 B810FE84 30A10030 30A00004 F8A10030 B810FE74 30A10030
    64680008 80661800 A8630001 A4630001 BE03FFB4 80642800 8C633C00 BC03FFA8
    20880080 28A90000 11250000 B810FF98 A504FF00 11450000 11660000 11280000
    11070000 3021FFAC 30C10030 F9E10000 F941004C F9610050 F9010044 F9210048
    B0000000 B9F40910 30A1004C 30C1001C B0000000 B9F40900 30A10044 E8810030
    30600001 16441803 BEB2002C E881001C 16441803 BEB20020 30C1001C B0000000
    B9F409DC 30A10030 E9E10000 B60F0008 30210054 E9E10000 3060FFFF B60F0008
    30210054 3021FFCC 30600003 F861001C 6465001F F9E10000 FA610030 BE25003C
    F8610020 30800002 F881001C B0000000 B9F40574 30A1001C 10A40000 10830000
    10640000 E9E10000 10850000 EA610030 B60F0008 30210034 BE45003C 12650000
    B0000000 B9F4024C 10B30000 3063001D A4830020 BC040048 44B31C00 F8010028
    F8A1002C 3080003C 14632000 B810FFA0 F8610024 B0008000 30650000 BE03003C
    16650000 B0000000 B9F40208 10B30000 3063001D A4830020 BC24FFC0 A8A3FFFF
    90930041 44842800 44B31C00 F881002C B810FFB4 F8A10028 30800000 B000C1E0
    30A00000 B810FF60 10640000 11050000 11260000 3021FFC8 30C1001C F9E10000
    F9010030 F9210034 B0000000 B9F407A8 30A10030 E861001C 30800002 16432003
    BEB20068 A8830004 BE040094 E8610020 E8610024 BE430054 30A0001E 16432801
    BE520060 E8810020 30A0003C 14632800 A4A30020 BE250044 E8A1002C A8C3FFFF
    10A52800 44A53400 E8C10028 44661800 80651800 BE04001C E9E10000 14630000
    B60F0008 30210038 10600000 E9E10000 B60F0008 30210038 B810FFDC 44651800
    10600000 E9E10000 8C841C00 B0007FFF 3064FFFF B60F0008 30210038 8C632400
    B0007FFF 3063FFFF B810FFC8 E9E10000 10650000 3021FFD0 F9E10000 F861001C
    F8C10020 F8E10024 F9010028 F921002C B0000000 B9F403B0 30A1001C E9E10000
    B60F0008 30210030 3021FFCC F9E10000 FA610030 BE25002C F8010020 30600002
    30A1001C B0000000 B9F4037C F861001C E9E10000 EA610030 B60F0008 30210034
    30800003 F881001C B0000000 B9F40064 12650000 3063001D A4830020 BE04003C
    90930041 46731C00 F8010028 FA61002C 3080003C 14632000 30A1001C B0000000
    B9F40324 F8610024 E9E10000 EA610030 B60F0008 30210034 A8A3FFFF 44842800
    46731C00 F881002C B810FFC8 FA610028 B0000000 3060FFFF 16451803 BE520034
    306000FF 16451803 BEB20070 30800001 64840403 44A52000 30C00020 14643000
    B0000000 E085B328 B60F0008 14641800 B00000FF 3060FFFF 16451803 BE520024
    30800018 30600010 10830000 44A52000 B0000000 E085B328 B60F0008 14641800
    44A52000 B0000000 E085B328 30600008 B60F0008 14641800 B810FF98 10800000
    E8C50000 31000001 E8E5000C 16464003 BEB200A0 E8650004 A8860004 BC0400C0
    30800002 88C62400 BC260010 88C73400 BE060020 3080FF82 10A00000 10850000
    6463041F 80842800 B60F0008 80632000 E8A50008 16442801 BC5200A0 3080007F
    16452001 BC520100 84872000 A8840040 BE040034 A4870080 30E7003F BC470070
    30A5007F 64E70007 64A50417 6463041F B000007F A487FFFF 80842800 B60F0008
    80632000 BC04FFD8 B810FFD4 30E70040 64870007 6463041F B0007F80 30A00000
    B000003F A484FFFF B0000040 A0840000 80842800 B60F0008 80632000 B0007F80
    30A00000 B810FF60 6463041F 90E70041 B810FF94 30A50080 14A52000 30800019
    16452001 BE52FF34 3080FFFF 44842C00 44A72800 A884FFFF 84E43800 8CE73400
    80E53800 A4A7007F A8A50040 BC250048 A4C70080 BC060044 30E70040 B0003FFF
    30C0FFFF 64870007 B000007F A484FFFF 16473003 BC520008 11050000 B810FEE4
    64A80417 B0007F80 30A00000 B810FED4 10860000 30E7003F B0003FFF 3120FFFF
    64870007 B000007F A484FFFF 16474803 BE52000C 10A80000 10A60000 B810FEA4
    64A50417 E8A50000 6465001F 64850017 F8660004 A48400FF B000007F A465FFFF
    BE240040 A8E400FF BE030060 30800003 B0003FFF 30A0FFFF 64630407 F8860000
    3080FF82 10631800 16432803 BEB2FFF8 3084FFFF F8860008 B60F0008 F866000C
    BE070034 3084FF81 64630407 30A00003 B0004000 A0630000 F8A60000 F8860008
    B60F0008 F866000C 30600002 B60F0008 F8660000 BE230014 64850016 30A00004
    B60F0008 F8A60000 64650407 A4840001 B0001FFF A463FF80 F8860000 B60F0008
    F866000C E8650000 30800001 E8C5000C E8E50010 16432003 BEB20134 E9050004
    A8830004 BC0400E0 30800002 88632400 BE230018 10800000 80863800 88841C00
    BC040030 10800000 11240000 10640000 11440000 64A8041F 80634800 80CA2000
    80E51800 10870000 B60F0008 10660000 E9250008 3060FC02 16434801 BC520118
    306003FF 16491801 BC52007C A46600FF A8630080 BE030060 A4660100 20C6007F
    28E70000 B0001FFF 3060FFFF 16471803 BC520080 312903FF 64670008 64860008
    65470418 65290414 64A8041F B000000F A463FFFF 814A2000 80634800 10800000
    80CA2000 80E51800 10870000 B60F0008 10660000 BC03FFB0 20C60080 28E70000
    B800FFA4 B0007FF0 31200000 10640000 11440000 64A8041F 80634800 80CA2000
    80E51800 10870000 B60F0008 10660000 64A7041F 90670041 90860041 10E30000
    80C52000 B810FF74 31290400 64670008 65470418 64C60008 64A8041F B0007FF0
    31200000 B0000007 A463FFFF B0000008 A0630000 80634800 814A3000 10800000
    80CA2000 80E51800 10870000 B60F0008 10660000 15291800 30600038 16491801
    BC52FEA8 3021FFF4 FA610004 A4690020 BE0300B0 FAC10008 3060FFFF 11440000
    45634C00 44A74800 A96BFFFF A94AFFFF 846A3000 84CB3800 80633000 11600000
    8C635C00 80C51800 10E40000 A48600FF A8840080 BE2400E4 A4A60100 BE2500A0
    65470418 B0000FFF 3080FFFF 64C60008 64670008 814A3000 B000000F A463FFFF
    16472003 BE52000C 31200001 11250000 65290414 64A8041F 80634800 10800000
    80CA2000 80E51800 10870000 10660000 EA610004 EAC10008 B60F0008 3021000C
    B0007FFF 3180FFFF A869FFFF 3260FFFF 458C1800 45734C00 44A64800 44874800
    45534C00 10673800 AAC9FFFF 4463B400 816C5800 B810FF34 80A32800 20C60080
    28E70000 B0000FFF 30A0FFFF 65470418 64C60008 64670008 814A3000 B000000F
    A463FFFF 16472803 BE52FF68 31200001 B810FF60 11240000 20C6007F 28E70000
    B0000FFF 3080FFFF 65470418 64A60008 64670008 814A2800 B000000F A463FFFF
    16472003 BE52FF2C 31200001 B810FF24 112B0000 E8E50004 E8850000 6467001F
    64A70014 F8660004 A4A507FF B000000F A467FFFF BE250060 A90507FF 80A41800
    BE05008C 64A40018 64630408 64840408 B0000FFF 3100FFFF 30E00003 80651800
    F8E60000 30A0FC02 64E4001F 10631800 80671800 10842000 16434003 BEB2FFEC
    30A5FFFF F8A60008 F886000C B60F0008 F8660010 BE080044 30A5FC01 64E40018
    64630408 64840408 80671800 30E00003 B0001000 A0630000 F8E60000 F8A60008
    F886000C B60F0008 F8660010 30600002 B60F0008 F8660000 80641800 BE230014
    65040018 30600004 B60F0008 F8660000 64A70408 64670013 64840408 80A82800
    A4630001 B00007FF A4A5FFFF F8660000 F886000C B60F0008 F8A60010 E8850000
    30E00001 16443803 BCB200BC E8660000 16433803 BEB200B0 A9040004 BE080094
    A9030004 BE080078 A8840002 BE04006C A8630002 BE030088 E8850004 E8660004
    88632000 BC230078 E9050008 E8660008 16481801 BC520068 16434001 BC520078
    E8E60010 E8650010 E905000C 16433803 BE52004C E8C6000C 88A33800 BC050068
    16471803 BC520050 BC050044 10600000 B60F0008 80000000 BC03FFF8 E8860004
    BE24FFF0 30600001 B60F0008 3060FFFF A8630004 BE03003C E8850004 BE24FFD4
    3060FFFF B60F0008 30600001 16464003 BCB2FFBC BE04FFD4 30600001 B60F0008
    80000000 16483003 BCB2FF98 B800FFD0 E8660004 B60F0008 14641800 3021FFE0
    10C00000 FA61001C F9E10000 B0000000 B9F40AA4 12650000 B0000000 E860C1E0
    BC03000C 99FC1800 80000000 B000FFFF B9F4CD20 10B30000 B60F0008 10600000
    B0000000 30E0BAD8 B0000000 30C04CFC B0000000 30A0BAE8 3021FFE4 F9E10000
    B0000000 B9F40408 80000000 E9E10000 B60F0008 3021001C 3021FFE0 FA61001C
    F9E10000 E8C50004 B0000000 3060C0A8 88661800 BE030014 12650000 B0000000
    B9F4192C 80000000 E8D30008 B0000000 3060C110 88661800 BC030010 B0000000
    B9F4190C 10B30000 E8D3000C B0000000 3060C178 88661800 BE030018 E9E10000
    B0000000 B9F418E8 10B30000 E9E10000 EA61001C B60F0008 30210020 B60F0008
    10600000 3021FFD0 FA61001C B0000000 30603370 B0000000 3260C0A8 F9E10000
    FAC10020 FAE10024 FB010028 FB21002C 10C00000 30B3005C 30E00008 B0000000
    F860C1E0 30600004 F8D30000 F8D30004 F8D30008 F8D30064 F8D30010 F8D30014
    F8D30018 B0000000 B9F40648 F873000C B0000000 33203960 B0000000 330039C4
    B0000000 32E03A58 B0000000 32C03ABC B0000001 30600009 10C00000 30B300C4
    30E00008 FB330024 FB130028 FAF3002C FAD30030 F8D30068 F8D3006C F8D30070
    F8D300CC F8D30078 F8D3007C F8D30080 F8730074 B0000000 B9F405D8 FA730020
    30B3012C 3065FF3C F8730088 B0000002 30600012 10C00000 30E00008 FB33008C
    FB130090 FAF30094 FAD30098 F8D300D0 F8D300D4 F8D300D8 F8D30134 F8D300E0
    F8D300E4 F8D300E8 B0000000 B9F40584 F87300DC 307300D0 F87300F0 FB3300F4
    FB1300F8 FAF300FC FAD30100 E9E10000 EA61001C EAC10020 EAE10024 EB010028
    EB21002C B60F0008 30210030 B0000000 E860C1E0 3021FFD4 FB010028 F9E10000
    FA61001C FAC10020 FAE10024 BE030110 13050000 B0000000 32E0BAD8 E8770004
    3063FFFF BEA30018 EAD70008 B8100094 EA770000 BE040088 32D60068 E676000C
    3063FFFF 92730061 BE33FFEC A883FFFF B000FFFF 30600001 10D30000 FA760064
    F876000C FA760000 FA760008 FA760004 FA760010 FA760014 FA760018 30E00008
    B0000000 B9F404AC 30B6005C FA760034 FA760038 FA760048 FA76004C 10760000
    E9E10000 EA61001C EAC10020 EAE10024 EB010028 B60F0008 3021002C EA770000
    BC13000C B810FF58 12F30000 10B80000 B0000000 B9F40DA4 30C001AC BE03004C
    12C30000 3063000C 10D30000 FA760000 10A30000 12760000 30800004 F8960004
    F8760008 B0000000 B9F40428 30E001A0 FAD70000 B810FF08 12F30000 B9F4FD68
    80000000 B800FEF0 F8770000 3080000C B810FF6C F8980000 E8650020 BC03000C
    B60F0008 80000000 B0000000 308033A8 B0000000 E860C1E0 BE23FFE8 F8850020
    3021FFFC F9E10000 B9F4FD1C 80000000 E9E10000 B60F0008 30210004 B60F0008
    80000000 B60F0008 80000000 B0000000 30E0BAD8 B0000000 30C03368 3021FFE4
    F9E10000 B0000000 B9F40044 10A00000 E9E10000 B60F0008 3021001C B0000000
    30E0BAD8 B0000000 30C0342C 3021FFE4 F9E10000 B0000000 B9F40014 10A00000
    E9E10000 B60F0008 3021001C 3021FFC8 FAE10024 FB010028 FB21002C 13050000
    13260000 12E70000 FB410030 FB610034 F9E10000 FA61001C FAC10020 13600000
    33400001 EAD70004 32D6FFFF BE560048 EA770008 E473000C 1643D003 BEB20028
    10D30000 E473000E 90630061 A863FFFF BE030014 10B80000 99FCC800 80000000
    837B1800 32D6FFFF A876FFFF BE23FFC8 32730068 EAF70000 BE37FFAC 107B0000
    E9E10000 EA61001C EAC10020 EAE10024 EB010028 EB21002C EB410030 EB610034
    B60F0008 30210038 3021FFBC FA61003C 12650000 10A60000 FAC10040 F9E10000
    B0000000 B9F40514 12C60000 B0000000 30A0B6AC 30C00001 E8930020 F8A10024
    F8C10028 10A33000 F8610020 30C00002 3061001C F8C10030 FAC1001C F8A10034
    F861002C BE040064 E8D30008 E486000C A4A42000 BE250018 E8660064 A0842000
    A463DFFF F486000C F8660064 6463020D A4630001 BE23004C 10B30000 B0000000
    B9F418C8 30E1002C BE23000C 3060FFFF 3060000A E9E10000 EA61003C EAC10040
    B60F0008 30210044 10B30000 B000FFFF B9F4FDC8 F8C10038 B810FF94 E8C10038
    B810FFD4 3060FFFF 10C50000 B0000000 E8A0BAE4 3021FFE4 F9E10000 B9F4FF0C
    80000000 E9E10000 B60F0008 3021001C 3021FFE0 FA61001C F9E10000 12660000
    E4C6000E B0000000 B9F40340 90C60061 BC430020 E8930054 10841800 F8930054
    E9E10000 EA61001C B60F0008 30210020 E493000C A484EFFF F493000C E9E10000
    EA61001C B60F0008 30210020 B60F0008 10600000 3021FFD4 FA61001C FAC10020
    FAE10024 FB010028 F9E10000 E466000C 12C50000 12660000 A4830100 12E70000
    BE240048 13080000 E4D3000E 11180000 10F70000 10B60000 A463EFFF F473000C
    B0000000 B9F4030C 90C60061 E9E10000 EA61001C EAC10020 EAE10024 EB010028
    B60F0008 3021002C E4C6000E 31000002 10E00000 B0000000 B9F40208 90C60061
    B810FFA8 E473000C 3021FFE0 FA61001C F9E10000 12660000 E4C6000E B0000000
    B9F401E0 90C60061 A883FFFF BC040024 E493000C F8730054 A0841000 F493000C
    E9E10000 EA61001C B60F0008 30210020 E493000C A484EFFF F493000C E9E10000
    EA61001C B60F0008 30210020 3021FFE4 F9E10000 E4C6000E B0000000 B9F40128
    90C60061 E9E10000 B60F0008 3021001C A4850003 BE040104 10650000 10850000
    11460000 BE270018 3107FFFF B80000E4 BE0800E0 30E8FFFF 11070000 11240000
    30840001 A4E40003 BE27FFE8 F1490000 30A00003 16482803 BCB2009C A4A600FF
    65250408 11292800 64A90410 3160000F 16485803 BEB2004C 11292800 10E40000
    11480000 F9270000 F9270004 F9270008 F927000C 314AFFF0 164A5803 BE52FFE8
    30E70010 30A8FFF0 A4A5FFF0 30A50010 A4E8000C 10842800 BE07003C A508000F
    11440000 10E80000 31600003 F92A0000 30E7FFFC 16475803 BE52FFF4 314A0004
    30A8FFFC A4A5FFFC 30A50004 10842800 A5080003 BE08001C 30A8FFFF 11050000
    F0C40000 30A5FFFF BE28FFF4 30840001 B60F0008 80000000 10850000 B810FF34
    11070000 3021FFF8 FA610004 12650000 F9E10000 B0000000 F800C1E4 B0000000
    B9F429A4 10A60000 A883FFFF BE040014 E9E10000 EA610004 B60F0008 30210008
    B0000000 E880C1E4 BC04FFEC F8930000 E9E10000 EA610004 B60F0008 30210008
    10860000 3021FFF8 10C70000 FA610004 10E80000 12650000 F9E10000 B0000000
    F800C1E4 B0000000 B9F4290C 10A40000 A883FFFF BE040014 E9E10000 EA610004
    B60F0008 30210008 B0000000 E880C1E4 BC04FFEC F8930000 E9E10000 EA610004
    B60F0008 30210008 10860000 3021FFE0 10C70000 FA61001C 10E80000 12650000
    F9E10000 B0000000 F800C1E4 B0000000 B9F428DC 10A40000 A883FFFF BE040014
    E9E10000 EA61001C B60F0008 30210020 B0000000 E880C1E4 BC04FFEC F8930000
    E9E10000 EA61001C B60F0008 30210020 10860000 3021FFE0 10C70000 FA61001C
    10E80000 12650000 F9E10000 B0000000 F800C1E4 B0000000 B9F42914 10A40000
    A883FFFF BE040014 E9E10000 EA61001C B60F0008 30210020 B0000000 E880C1E4
    BC04FFEC F8930000 E9E10000 EA61001C B60F0008 30210020 81200000 A4650003
    BC230030 C8654A00 80830400 BC24000C B810FFF4 31290004 C0654800 BC03000C
    B810FFF8 31290001 B60F0008 80604800 35430004 C0654800 BE03FFF0 314AFFFF
    BE2AFFF4 31290001 B800FFBC B60F0008 80000000 3021FFC8 FAC10020 B0000000
    EAC0C1E8 F9E10000 FA61001C FAE10024 FB010028 FB21002C FB410030 BE160050
    FB610034 13050000 13460000 32E00001 EA760004 3273FFFF BE530034 EB360088
    BC1A0078 BE190050 30730020 64630402 C863C800 8863D000 BC030060 3273FFFF
    A873FFFF BE23FFE8 30730020 E9E10000 EA61001C EAC10020 EAE10024 EB010028
    EB21002C EB410030 EB610034 B60F0008 30210038 3273FFFF A873FFFF BE03FFD0
    3273FFFF A873FFFF BE23FFF0 3273FFFF B810FFC0 E9E10000 E8760004 64D30402
    3063FFFF 10B63000 88639800 BE0300A8 E8850008 F8050008 BC040054 BE190068
    EB760004 E8790100 44F79C00 84671800 BC030054 E8790104 C8A6C800 84E71800
    BE27007C 10C50000 99FC2000 10B80000 E8760004 B0000000 E880C1E8 8863D800
    BE230044 8864B000 BC23003C 3273FFFF A873FFFF BE23FF0C E9E10000 B810FF38
    EA61001C 99FC2000 80000000 E8760004 B0000000 E880C1E8 8863D800 BE03FFCC
    8864B000 BE04FF08 12C40000 B810FEC8 EA760004 B810FF64 FA760004 99FC2000
    80000000 B810FF90 E8760004 3021FFD0 FB21002C B0000000 3320BB3C FA61001C
    FAC10020 FAE10024 FB010028 12E50000 F9E10000 B0000000 B9F40D44 13060000
    E8990008 3060007F EAC40004 A6D6FFFC 3276006F 16789800 A673FF80 3273FF80
    16531801 BEB20028 10B70000 B0000000 B9F41C10 10C00000 E8990008 1084B000
    88632000 BE030038 10B70000 B0000000 B9F40CF4 10B70000 E9E10000 EA61001C
    EAC10020 EAE10024 EB010028 EB21002C 10600000 B60F0008 30210030 B0000000
    B9F41BC0 14D30000 A8C3FFFF BE060058 10B70000 B0000000 3080C1EC E8D90008
    E8640000 16D3B000 A2D60001 14731800 FAC60004 B0000000 B9F40C8C F8640000
    E9E10000 EA61001C EAC10020 EAE10024 EB010028 EB21002C 30600001 B60F0008
    30210030 B0000000 B9F41B58 10B70000 E8B90008 30C0000F 14851800 16443001
    BCB2FF4C A0840001 F8850004 B0000000 E880BB34 14641800 B0000000 F860C1EC
    B800FF2C BC0601CC 3021FFDC FA61001C 12660000 FAC10020 F9E10000 B0000000
    B9F40BFC 12C50000 E8B3FFFC B0000000 3120BB3C 3093FFF8 A465FFFE 11041800
    E8E90008 E8C80004 88E74000 BE0701E4 A4C6FFFC F8C80004 A4A50001 BE2500B0
    10E83000 E973FFF8 E8A70004 31490008 148B2000 E8E40008 10635800 89675000
    BE0B0188 A4A50001 E964000C F967000C BE0501F8 F8EB0008 A0A30001 F8A40004
    F8680000 30A001FF 16432803 BC520088 64E30005 A463FFF8 E9090004 B0000000
    3063BB44 30A00001 E8C30000 44A53C00 30E3FFF8 80A54000 F8E4000C F8C40008
    F8A90004 F8830000 F886000C B0000000 B9F40B34 10B60000 E9E10000 EA61001C
    EAC10020 B60F0008 30210024 E8A70004 A4A50001 BE0500C4 31490008 A0A30001
    F8B3FFFC 30A001FF 16432803 BEB2FF84 F8680000 64A30009 30C00004 16453003
    BE520150 30C00014 64A30006 30E50039 64E70403 30A50038 B0000000 30C7BB3C
    E8C60000 B0000000 30E7BB34 89073000 BE28001C 64A50202 B8100174 E9090004
    E8C60008 88A73000 BC050014 E8A60004 A4A5FFFC 16451803 BC52FFE8 E8E6000C
    F8E4000C F8C40008 10B60000 F8870008 B0000000 B9F40A70 F886000C E9E10000
    EA61001C EAC10020 B60F0008 30210024 B60F0008 80000000 10633000 E8A80008
    88C55000 BC0600E8 E8E8000C A0C30001 F8E5000C F8A70008 F8C40004 D8632000
    B810FEA8 30A001FF BE250140 10C61800 E8E80008 E8A8000C A0660001 F8A7000C
    F8E50008 F8640004 D8C62000 B800FEC0 A4A50001 BE250024 10C33000 E8F3FFF8
    14872000 E864000C E8A40008 10C63800 F865000C F8A30008 A0A60001 B0000000
    E860BB38 F8A40004 16433003 BE52FE80 F8890008 B0000000 E8C0C21C B9F4FC30
    10B60000 B800FE68 B810FF54 10633000 16453003 BEB2002C 30E5005C 30C00054
    16453003 BE52005C 30C00154 64A3000C 30E5006F 64E70403 B810FEA0 30A5006E
    64E70403 B810FE94 30A5005B F8890014 F8890010 A0A30001 F944000C F9440008
    F8A40004 D8632000 B800FE04 30600001 44632C00 80634000 B810FEA8 F8690004
    16453003 BE52001C 30C00554 64A3000F 30E50078 64E70403 B810FE40 30A50077
    16453003 BC520018 64A30012 30E5007D 64E70403 B810FE24 30A5007C 30E003F8
    B810FE18 30A0007E A0A30001 F8A40004 B810FD9C F8680000 3021FFBC FAC10020
    FAE10024 F9E10000 FA61001C FB010028 FB21002C FB410030 FB610034 FB810038
    FBA1003C FBC10040 30600016 32C6000B 16561803 BE5200B0 12E50000 32C00010
    1646B003 BE5202B8 3060000C B0000000 B9F4086C 80000000 30600018 31000002
    B0000000 3063BB3C EA630004 3083FFF8 88932000 BC040420 E8730004 E8D3000C
    E8F30008 A463FFFC 10731800 E8830004 10B70000 F8C7000C F8E60008 A0840001
    B0000000 B9F40820 F8830004 30730008 E9E10000 EA61001C EAC10020 EAE10024
    EB010028 EB21002C EB410030 EB610034 EB810038 EBA1003C EBC10040 B60F0008
    30210044 6476001F BE230210 A6D6FFF8 1646B003 BE520208 3060000C B0000000
    B9F407BC 80000000 306001F7 16561803 BEB20204 65160003 64760009 BE0301EC
    30A00200 30800004 16432003 BE520408 30800014 64760006 31030039 64A80403
    31230038 B0000000 3065BB3C EA630004 B0000000 30A5BB34 88659800 BC030038
    B810001C 30E0000F BEA602FC E873000C 12630000 88651800 BC03001C E8930004
    A484FFFC 14D62000 16463801 BCB2FFDC 11090000 B0000000 3300BB3C EA780010
    31780008 88735800 BE0302B4 30A0000F E8730004 A463FFFC 14961800 16442801
    BC520410 F9780014 BEA403E4 F9780010 308001FF 16432003 BE5202D4 E8D80004
    64E30005 A463FFF8 B0000000 3063BB44 30800001 E8A30000 44843C00 30E3FFF8
    80C62000 F8F3000C F8B30008 F8D80004 FA630000 FA65000C 64680202 30A00001
    44A51C00 16453003 BE5200F4 84653000 BE230030 3140000F 10A52800 A508FFFC
    84653000 BE23001C 31080004 10A52800 84653000 BE03FFF8 31080004 3140000F
    65880403 B0000000 318CBB3C 112C0000 13280000 E869000C 88891800 BC240014
    B81002E8 33390001 BCA602F4 BC0702D8 E8830004 12630000 E863000C A484FFFC
    14D62000 16465001 BEB2FFE0 88E91800 E8B30008 A0F60001 F8F30004 F865000C
    F8A30008 12D3B000 FAD80014 FAD80010 A0660001 F8760004 F976000C F9760008
    D8C49800 B0000000 B9F405DC 10B70000 B810FDC0 30730008 3060000C F8770000
    B810FDB0 10600000 31000040 B810FE38 3120003F B810FD4C 30760008 EA780008
    3080000F E8730004 A743FFFC 1476D000 16432001 BCB2000C 1656D003 BCB200F4
    B0000000 E860BB34 B0000000 EB20C21C 1393D000 A863FFFF BE030434 1336C800
    3339008F A739FF80 10D90000 B0000000 B9F41450 10B70000 13630000 A863FFFF
    BC0302A4 165CD803 BE520298 8873C000 B0000000 33A0C1EC 887CD800 E89D0000
    10992000 F89D0000 BE230308 10A40000 A47B007F BE2302FC 107AC800 E8B80008
    A0630001 F8650004 B0000000 E860C218 16441803 BCB2000C B0000000 F880C218
    B0000000 E860C214 16441803 BEB20010 EA780008 B0000000 F880C214 E8930004
    A484FFFC 14762000 30A0000F 16432801 BC520018 B0000000 B9F404AC 10B70000
    B810FC90 10600000 16562003 BC52FFE8 A0960001 F8930004 12D3B000 10B70000
    A0630001 FAD80008 B0000000 B9F40478 F8760004 B810FC5C 30730008 B810FDBC
    E8D80004 E8F30008 10932000 E8C40004 10B70000 F867000C F8E30008 A0660001
    B0000000 B9F40440 F8640004 B810FC24 30730008 EA63000C 88639800 BE03FCF8
    31080002 B810FBD8 E8730004 64830009 30A00004 16442803 BCB20154 30A00014
    16442803 BE52030C 30A00054 30E4005C 64E70403 30A4005B B0000000 3087BB3C
    E8840000 B0000000 30E7BB34 89272000 BE29001C 64A50202 B810029C 30600001
    E8840008 88A72000 BC050014 E8A40004 A4A5FFFC 16451803 BC52FFE8 E8E4000C
    F8F3000C F8930008 FA670008 B810FCEC FA64000C 16432003 BEB200FC 3103005C
    30800054 16432003 BE5202A4 30800154 6476000C 3103006F 64A80403 B810FBE8
    3123006E 33390001 A4790003 BE23FD08 31290008 B81000E0 A4680003 10932000
    E8C40004 E8F30008 10B70000 A0C60001 F8C40004 F867000C B0000000 B9F40328
    F8E30008 B810FB0C 30730008 10731800 E8830004 10B70000 A0840001 B0000000
    B9F40304 F8830004 B810FAE8 30730008 A0B60001 F8B30004 12D3B000 FAD80014
    FAD80010 A0C40001 F976000C F9760008 F8D60004 D8839800 B0000000 B9F402C8
    10B70000 B810FAAC 30730008 64830006 30E40039 64E70403 B810FEC0 30A40038
    BC03007C EA780008 E8930004 B810FDD8 A484FFFC 64A80403 B810FB0C 3123005B
    E86C0008 88636000 BE23026C 3108FFFF A4680003 BE23FFEC 318CFFF8 E8980004
    A865FFFF 84632000 F8780004 10A52800 3085FFFF 16432003 BEB2FCA4 84851800
    BC240014 10A52800 84851800 BE04FFF8 33390004 B810FBCC 11190000 B0000000
    33A0C1EC E8BD0000 10B92800 F8BD0000 B0000000 E860BB34 A863FFFF BE030150
    147CD800 10632800 F87D0000 A7DB0007 BE1E00D4 109BC800 30800008 147E2000
    137B1800 30600088 149E1800 133BC800 14992000 A784007F 10DC0000 B0000000
    B9F410C0 10B70000 A883FFFF BE040158 147B1800 1323E000 E87D0000 FB780008
    A3390001 109C1800 F89D0000 8873C000 BE03FC98 FB3B0004 30C0000F 165A3003
    BEB200DC 30E00005 E8B30004 307AFFF4 A463FFF8 A4A50001 80A51800 F8B30004
    10B31800 F8E50004 16433003 BEB2FC5C F8E50008 10B70000 B000FFFF B9F4F528
    30D30008 B810FC44 E89D0000 B810FBDC 33390010 44632C00 80C61800 B810FD84
    F8D80004 14840000 A784007F 10DC0000 B0000000 B9F4100C 10B70000 A883FFFF
    BE24FF54 147B1800 B810FF50 13840000 16442803 BC520054 6483000C 30E4006F
    64E70403 B810FCF4 30A4006E 16432003 BE520058 30800554 6476000F 31030078
    64A80403 B810F940 31230077 B0000000 FB60BB34 B810FEBC A7DB0007 30800001
    B810FBF4 F89B0004 30A00154 16442803 BC520048 6483000F 30E40078 64E70403
    B810FC98 30A40077 16432003 BE52004C 64760012 3103007D 64A80403 B810F8E8
    3123007C 33DEFFF8 1339F000 13840000 B810FEA8 173BC800 30A00554 16442803
    BE520028 64830012 30E4007D 64E70403 B810FC48 30A4007C 30A003F8 3100007F
    B810F8A4 3120007E 30E003F8 B810FC2C 30A0007E B810FDB8 E8780004 B60F0008
    80000000 B60F0008 80000000 3021FFD8 F9E10000 FA61001C FAC10020 BE060024
    FAE10024 12C50000 BE050010 12660000 E8650020 BC0300FC E473000C BC230024
    12E00000 10770000 E9E10000 EA61001C EAC10020 EAE10024 B60F0008 30210028
    10D30000 B0000000 B9F40104 10B60000 E8930030 BE040018 12E30000 E8D30020
    99FC2000 10B60000 BC430080 E473000C A4630080 BC230084 E8D30034 BE060020
    30730044 88661800 BC030010 B000FFFF B9F4F334 10B60000 F8130034 E8D30048
    BC060014 B000FFFF B9F4F31C 10B60000 F8130048 B000FFFF B9F4E964 80000000
    B000FFFF B9F4E960 F413000C 10770000 E9E10000 EA61001C EAC10020 EAE10024
    B60F0008 30210028 E473000C A4630080 BE03FF88 32E0FFFF E8D30010 B000FFFF
    B9F4F2C4 10B60000 B810FF74 E8D30034 B000FFFF B9F4E8C4 80000000 B810FF00
    E473000C 10C50000 B0000000 E8A0BAE4 3021FFE4 F9E10000 B9F4FEB4 80000000
    E9E10000 B60F0008 3021001C 3021FFD4 FA61001C FB010028 F9E10000 FAC10020
    FAE10024 E4E6000C 12660000 A4670008 BE230120 13050000 E8860004 A0670800
    BE640198 F466000C E933002C BE0900E4 A4E71000 EAD80000 F8180000 BE27018C
    E8D30020 10B80000 99FC4800 31000001 10E30000 A863FFFF BC0301A0 E473000C
    E933002C E8D30020 A4830004 BE040024 10B80000 E8930004 E8730034 BE030014
    14E43800 E8730040 14E33800 10B80000 99FC4800 11000000 A8C3FFFF BE260134
    30A0001D E8F80000 16472803 BE5200E4 E493000C B0002040 30A00001 44A53800
    A4A50001 BC0500CC E9130010 A4A4F7FF F4B3000C F9130000 A4841000 BE04000C
    F8D30004 BC07010C E8D30034 BE060024 FAD80000 30730044 88661800 BC030010
    B000FFFF B9F4F160 10B80000 F8130034 10600000 E9E10000 EA61001C EAC10020
    EAE10024 EB010028 B60F0008 3021002C EAE60010 BE17FFDC A4E70003 EAC60000
    FAE60000 16D7B000 BE27000C 10600000 E8660014 BE960018 F8730008 B810FFB8
    10600000 BE76FFAC 12F71800 11160000 E8730028 10F70000 E8D30020 99FC1800
    10B80000 BE83FFE0 16C3B000 E493000C A0840040 F493000C E9E10000 EA61001C
    EAC10020 EAE10024 EB010028 3060FFFF B60F0008 3021002C E8860040 BC84FE6C
    B810FF54 10600000 B810FEA0 E8F30054 E493000C E8B30010 F8130004 F8B30000
    A4A4F7FF A4841000 BE04FF00 F4B3000C B810FEF8 F8730054 E8780000 BE03FE60
    3080001D 88832400 BE240010 30800016 88632400 BC03FF78 FAD80000 B810FEF8
    10600000 E8660010 BC030068 3021FFDC FA610020 F9E10000 BE050010 12650000
    E8650020 BC030038 E466000C BE230018 E9E10000 EA610020 10600000 B60F0008
    30210024 B9F4FD88 10B30000 E9E10000 EA610020 B60F0008 30210024 B000FFFF
    B9F4E5F8 F8C1001C B810FFC0 E8C1001C B60F0008 10600000 3021FFDC F9E10000
    BE050074 FA610020 E8650010 B0000000 EA60BAE4 BE03001C 10C50000 BC13000C
    E8730020 BC030038 E466000C BC230018 E9E10000 EA610020 10600000 B60F0008
    30210024 B9F4FD08 10B30000 E9E10000 EA610020 B60F0008 30210024 10B30000
    B000FFFF B9F4E574 F8C1001C B810FFBC E8C1001C B0000000 30E0BAD8 B0000000
    30C05094 B0000000 30A0BAE8 B000FFFF B9F4E5FC 80000000 E9E10000 EA610020
    B60F0008 30210024 E8670008 BC030380 3021FFB8 FA61001C FB21002C FB410030
    F9E10000 FAC10020 FAE10024 FB010028 FB610034 FB810038 FBA1003C FBC10040
    FBE10044 E526000C 13270000 13450000 A4690008 BE0300A0 12660000 E8660010
    BE030094 A7090002 BE1800B0 EAD90000 13000000 12F80000 E8730028 E8930020
    B0007FFF 3360FC00 10F80000 10C40000 BE170054 10BA0000 1657D803 BEB2000C
    11170000 111B0000 99FC1800 80000000 BE6302C8 13181800 E8990008 16E3B800
    14632000 BE030254 F8790008 E8930020 E8730028 10F80000 10C40000 BE37FFBC
    10BA0000 EB160000 EAF60004 B810FF9C 32D60008 10D30000 B0000000 B9F40440
    10BA0000 BC230280 E533000C A7090002 BE38FF60 EAD90000 A7890001 BE3C0154
    10780000 E9130000 E8930008 12FC0000 B0007FFF 3360FFFF 10A80000 BE170124
    13C40000 A4690200 BC030284 1644B803 BE520338 13E40000 A4690480 BE0300AC
    10FF0000 E8930014 E8B30010 10642000 10632000 6703001F 17C54000 13181800
    307E0001 93180001 1063B800 1643C003 BEB20010 10D80000 13030000 10C30000
    A5290400 BE09033C 10E60000 B000FFFF B9F4F0C8 10BA0000 BE030374 13A30000
    10FE0000 E8D30010 B0000000 B9F405D8 10A30000 E473000C A463FB7F A0630080
    F473000C 10BDF000 151EC000 13F70000 13D70000 FBB30010 F8B30000 FB130014
    F9130008 10FF0000 10DC0000 13170000 B0000000 B9F406A8 12E00000 E8930008
    E9130000 149E2000 10E8F800 F8930008 F8F30000 E8790008 139CC000 14781800
    BE0300D8 F8790008 E9130000 E8930008 E533000C 10A80000 BE37FEEC 13C40000
    EB960000 EAF60004 B810FED0 32D60008 13780000 12F80000 33A0000A 33800001
    BC170114 BE030128 10F70000 10780000 16571803 BEB2000C 13F70000 13E30000
    E9130014 E8730008 E8B30000 E8930010 16452003 BEB200A0 13C81800 165FF001
    BEB20094 10DB0000 B0000000 B9F405F0 10FE0000 E8730000 10D30000 10BA0000
    1063F000 B000FFFF B9F4FBFC F8730000 BC230088 171EC000 BE18019C 107C0000
    E8990008 137BF000 16FEB800 149E2000 BE24FF70 F8990008 10600000 E9E10000
    EA61001C EAC10020 EAE10024 EB010028 EB21002C EB410030 EB610034 EB810038
    EBA1003C EBC10040 EBE10044 B60F0008 30210048 1648F801 BE520158 10FB0000
    E8730028 E8D30020 99FC1800 10BA0000 BE83FF84 13C30000 E473000C A0630040
    F473000C B810FF98 3060FFFF B60F0008 10600000 EAF60004 10760000 BE17FFF8
    32D60008 EB630000 10F70000 10DD0000 B0000000 B9F402F0 10BB0000 BC030164
    30630001 B810FEC8 171B1800 E8730010 16481803 BC520054 E8D30014 1646B803
    BC520048 1657D803 BEB2000C 13170000 131B0000 B0000000 B9F411BC 10B80000
    E8930028 10FC0000 E8D30020 10BA0000 99FC2000 1503C000 BE63FF60 13030000
    B810FE14 16F8B800 1644B803 BEB2000C 13040000 13170000 10A80000 10F80000
    B0000000 B9F40478 10DC0000 E8930008 E9130000 14982000 1108C000 F8930008
    BE24FFC0 F9130000 10D30000 B000FFFF B9F4FA74 10BA0000 BE23FF00 16F8B800
    B810FDB8 E8790008 13D70000 B810FD78 13F70000 10D30000 B000FFFF B9F4FA48
    10BA0000 BC03FE5C B810FED4 E473000C 10FF0000 10DB0000 B0000000 B9F40400
    13DF0000 E8930008 E8730000 149F2000 1063F800 F8930008 B810FE1C F8730000
    10C50000 B0000000 B9F405B4 10BA0000 BE23FCF4 13A30000 E8D30010 B000FFFF
    B9F4EA24 10BA0000 E473000C 3080000C B0000000 A463FF7F B810FE64 F89A0000
    30770001 B810FD6C 13030000 3060000C F87A0000 B810FE48 E473000C B0000000
    E860BAE4 3021FFDC FA61001C FAC10020 F9E10000 12C50000 BE030010 12660000
    E8830020 BC040118 E493000C A4640008 BE03007C A4640010 E8D30010 BE060098
    A4640280 A4640001 BE030034 A4A40002 E8730014 F8130008 14630000 F8730018
    BE060030 10600000 E9E10000 EA61001C EAC10020 B60F0008 30210024 BC250008
    E8730014 F8730008 BE26FFE0 10600000 A4A40080 BE05FFD8 E9E10000 A0840040
    F493000C B810FFC4 3060FFFF BE0300A4 30600009 A4640004 BC230044 E8D30010
    A0640008 F473000C BE26FF7C 10830000 A4640280 A8630200 BE03FF70 A4640001
    10D30000 B0000000 B9F40A68 10B60000 E493000C B810FF50 E8D30010 E8D30034
    BE060024 30730044 88661800 BC030014 B000FFFF B9F4E8D0 10B60000 E493000C
    F8130034 E8D30010 B0000000 A484FFDB F8130004 B810FF8C F8D30000 B000FFFF
    B9F4DEB8 10A30000 B810FEE4 E493000C F8760000 A0840040 F493000C B810FF0C
    3060FFFF A4650003 BE030048 11260000 BE0700EC 3087FFFF B810001C A50600FF
    30A50001 A4650003 BC03002C BC040068 10870000 E0650000 88634000 BE23FFE4
    30E4FFFF 10650000 B60F0008 80000000 10870000 31000003 16444003 BC520040
    BE040034 30C4FFFF 10650000 B8100014 A50900FF BE060080 30630001 10C50000
    E0830000 88844000 BE24FFEC 30A6FFFF B800FFB8 B60F0008 10640000 A4C600FF
    64E60408 10E73000 64670410 B8100014 10E71800 16444003 BEB2FFA8 30A50004
    E8650000 88671800 B000FEFE 30C3FEFF A863FFFF 84661800 B0008080 A4638080
    BE03FFD4 3084FFFC 30840004 B810FF7C 30C4FFFF B60F0008 10660000 B60F0008
    10670000 3021FFF8 FA610004 3100000F 16474003 BE52003C 10650000 11050000
    BE070024 3127FFFF E0860000 10E90000 30C60001 F0880000 3129FFFF BE27FFEC
    31080001 EA610004 B60F0008 30210008 80853000 A4840003 BE2400B0 11450000
    10860000 11270000 10A80000 EA640000 E9840008 E964000C FA6A0000 EA640004
    F98A0008 F96A000C FA6A0004 3129FFF0 30840010 16492803 BE52FFD4 314A0010
    3107FFF0 A508FFF0 31080010 A487000C 10C64000 A567000F BE04005C 11034000
    11460000 11280000 10AB0000 32600003 E88A0000 30A5FFFC 314A0004 F8890000
    16459803 BE52FFEC 31290004 308BFFFC A484FFFC 30840004 A4E70003 11082000
    B810FF20 10C62000 11050000 B810FF1C 3127FFFF B810FF0C 10EB0000 16453003
    BEB20044 10650000 10863800 16442803 BCB20034 10C53800 BE070024 30A7FFFF
    E104FFFF 10E50000 3084FFFF F106FFFF 30C6FFFF BE27FFEC 30A5FFFF B60F0008
    80000000 3021FFF8 FA610004 3140000F 16475003 BE520038 11030000 BE070024
    3127FFFF E0860000 10E90000 30C60001 F0880000 3129FFFF BE27FFEC 31080001
    EA610004 B60F0008 30210008 80833000 A4840003 BE2400C0 3127FFFF 11060000
    10830000 11270000 E9880000 11680000 31080010 F9840000 E988FFF4 3129FFF0
    30840010 F984FFF4 E988FFF8 F984FFF8 E96B000C 16495003 BE52FFD0 F964FFFC
    3107FFF0 A508FFF0 31080010 A487000C 10C64000 A567000F BE040080 11034000
    11460000 11280000 10AB0000 32600003 E88A0000 30A5FFFC 314A0004 F8890000
    16459803 BE52FFEC 31290004 308BFFFC A484FFFC 30840004 A4E70003 11082000
    10C62000 BE27FF20 3127FFFF B810FF38 EA610004 E0860000 10E90000 F0880000
    30C60001 31080001 BE27FEFC 3129FFFF B810FF14 EA610004 B810FEE4 10EB0000
    3021FFF8 FA610004 12650000 F9E10000 B0000000 F800C1E4 B0000000 B9F40AEC
    10A60000 A883FFFF BE040014 E9E10000 EA610004 B60F0008 30210008 B0000000
    E880C1E4 BC04FFEC F8930000 E9E10000 EA610004 B60F0008 30210008 3021FFC0
    FAE10024 F9E10000 FA61001C FAC10020 FB010028 FB21002C FB410030 FB610034
    FB810038 FBA1003C BE060230 12E70000 12660000 B000FFFF B9F4F064 13050000
    E873FFFC 32D7000B 30800016 3353FFF8 16562003 BE52002C A723FFFC 30800010
    12C40000 1657B003 BEB2002C 10A00000 3060000C F8780000 B8100190 12E00000
    A6D6FFF8 10960000 1657B003 BE52FFE4 64B6001F A4A500FF BC25FFD8 1644C801
    BEB20128 10DAC800 B0000000 3380BB3C E8FC0008 88E73000 BE0701EC E8A60004
    A4E5FFFE 10E63800 E8E70004 A4E70001 BE27016C A4A5FFFC 10F92800 16443801
    BEB200D4 A4630001 BC230038 EBB3FFF8 17BDD000 E87D0004 A463FFFC 10A51800
    1365C800 1644D801 BEB20348 30F9FFFC 13791800 1644D801 BEB202A8 30F9FFFC
    10D70000 B000FFFF B9F4E6B0 10B80000 BE030418 12E30000 E873FFFC 3097FFF8
    A463FFFE 107A1800 88632000 BE03023C 30F9FFFC 30600024 16471803 BE5202E0
    10D30000 30600013 16471803 BE52022C 10770000 10930000 E8A40000 F8A30000
    E8A40004 F8A30004 E8840008 F8830008 10B80000 B000FFFF B9F4E2EC 10D30000
    B000FFFF B9F4EF00 10B80000 B8100060 10770000 E866000C E8860008 13270000
    F864000C F8830008 E87A0004 14B6C800 30C0000F A4630001 16453003 BE520090
    109AC800 80791800 F87A0004 E8640004 A0630001 F8640004 10B80000 B000FFFF
    B9F4EEA4 12F30000 10770000 E9E10000 EA61001C EAC10020 EAE10024 EB010028
    EB21002C EB410030 EB610034 EB810038 EBA1003C B60F0008 30210040 A4630001
    BC23FEE0 EBB3FFF8 17BDD000 E87D0004 B810FEC0 A463FFFC B000FFFF B9F4E57C
    10C70000 B810FFA4 12E30000 80761800 F87A0004 10DAB000 A0A50001 F8A60004
    E8640004 10B80000 30C60008 A0630001 B000FFFF B9F4E1F0 F8640004 B810FF60
    10B80000 A4A5FFFC 10C5C800 30F60010 16473001 BCB20258 A4630001 BC23FE64
    EBB3FFF8 17BDD000 E87D0004 A463FFFC 10A51800 1365C800 1647D801 BE52FE34
    30F9FFFC E87D000C E89D0008 30A00024 F864000C F8830008 16472803 BE52029C
    32FD0008 30800013 16472003 BEB2002C 10770000 E8930000 3060001B F89D0008
    E8B30004 16471803 BE520288 F8BD000C 32730008 307D0010 E8B30000 F8A30000
    E8930004 F8830004 EA730008 FA630008 109DB000 1476D800 F89C0008 A0630001
    F8640004 E87D0004 10B80000 A4630001 8063B000 B000FFFF B9F4ED2C F87D0004
    B810FE8C 10770000 E877FFFC A463FFFC B810FE38 13391800 E8730000 F8770000
    E8930004 3060001B 16471803 BE52013C F8970004 30930008 B810FDC0 30770008
    E87D000C E89D0008 30A00024 F864000C F8830008 16472803 BE5200F8 32FD0008
    30800013 16472003 BEB2002C 10770000 E8730000 F87D0008 E8930004 3060001B
    16471803 BE5200A8 F89D000C 32730008 307D0010 E8930000 F8830000 E8B30004
    F8A30004 EA730008 FA630008 12770000 133B0000 B810FD94 135D0000 B000FFFF
    B9F4F9DC 10B70000 B810FD4C 10B80000 E866000C E8860008 30A00024 F864000C
    F8830008 E89D0008 E87D000C 32FD0008 F864000C 16472803 BE520058 F8830008
    30800013 16472003 BEB2FF8C 10770000 E8B30000 3060001B F8BD0008 E8930004
    16471803 BEB2FF68 F89D000C E8B30008 A8E70024 F8BD0010 E873000C BE0700C0
    F87D0014 32730010 B810FF4C 307D0018 10D30000 B000FFFF B9F4F944 10B70000
    B810FF50 12770000 E8B30008 A8E70024 F8B70008 E873000C BE070068 F877000C
    30930010 B810FC74 30770010 135AB000 14763000 FB5C0008 A0630001 F87A0004
    E873FFFC 10B80000 12F30000 A4630001 8063B000 B000FFFF B9F4EB6C F873FFFC
    B810FCCC 10770000 10B80000 B000FFFF B9F4EB54 12E00000 B810FCB4 10770000
    E8930010 30770018 F8970010 E8B30014 30930018 B810FC04 F8B70014 E8930010
    307D0020 32730018 F89D0018 E8B3FFFC B810FE84 F8BD001C 10D30000 B000FFFF
    B9F4F87C 10B70000 B810FDAC 109DB000 E8730008 A8E70024 F87D0010 E893000C
    BE070014 F89D0014 32730010 B810FD6C 307D0018 E8B30010 307D0020 32730018
    F8BD0018 E893FFFC B810FD50 F89D001C 3021FF88 FA610064 F9E10000 FAC10068
    FAE1006C FB010070 FB210074 E466000C A4830002 BE04003C 12660000 30660047
    30800001 F8860014 F8660000 F8660010 E9E10000 EA610064 EAC10068 EAE1006C
    EB010070 EB210074 B60F0008 30210078 E4C6000E 90C60061 BE460090 12E50000
    B0000000 B9F401F8 30E1001C BE430078 EAC10020 30602000 33200400 B0000000
    A6D6F000 8AD61C00 33000800 10D90000 B000FFFF B9F4E144 10B70000 BC030074
    E493000C F8730000 F8730010 A0640080 F473000C BE36009C FB330014 83181800
    F713000C E9E10000 EA610064 EAC10068 EAE1006C EB010070 EB210074 B60F0008
    30210078 E473000C A6C30080 BE160058 10B70000 33200040 10D90000 12C00000
    B000FFFF B9F4E0D4 13160000 BC23FF94 E473000C A4830200 BE24FF1C E9E10000
    A463FFFC 30930047 A0630002 30A00001 F8B30014 F473000C F8930000 B810FEF4
    F8930010 13160000 B810FF44 33200400 E4D3000E 10B70000 B0000000 B9F40160
    90C60061 BC23000C B810FF54 E473000C E473000C A463FFFC A0630001 B810FF44
    83181800 3021FF90 FA610064 FAC10068 FAE1006C F9E10000 12660000 E4C6000E
    12C70000 90C60061 BE460054 12E80000 B0000000 B9F400A8 30E1001C BE430040
    E8810020 30602000 30A00400 B0000000 A484F000 88841C00 F8970000 F8B60000
    E9E10000 EA610064 EAC10068 EAE1006C 30600800 B60F0008 30210070 E493000C
    A4840080 BE040034 30A00400 10800000 F8970000 30A00040 F8B60000 10640000
    E9E10000 EA610064 EAC10068 EAE1006C B60F0008 30210070 F8970000 F8B60000
    10640000 E9E10000 EA610064 EAC10068 EAE1006C B60F0008 30210070 3021FFE0
    FA61001C 12650000 10A60000 F9E10000 B0000000 F800C1E4 B0000000 B9F4009C
    10C70000 A883FFFF BE040014 E9E10000 EA61001C B60F0008 30210020 B0000000
    E880C1E4 BC04FFEC F8930000 E9E10000 EA61001C B60F0008 30210020 3021FFF8
    FA610004 12650000 F9E10000 B0000000 F800C1E4 B0000000 B9F40054 10A60000
    A883FFFF BE040014 E9E10000 EA610004 B60F0008 30210008 B0000000 E880C1E4
    BC04FFEC F8930000 E9E10000 EA610004 B60F0008 30210008 10600000 30802000
    F8860004 B60F0008 F8660038 B60F0008 30600001 3021FFFC F9E10000 B0000000
    B9F40270 80000000 10830000 30A0001D 3060FFFF F8A40000 E9E10000 B60F0008
    30210004 B60F0008 10600000 3021FFE4 FAE1000C F9E10000 FA610004 FAC10008
    FB010010 FB210014 FB410018 BE070078 12E70000 12600000 13060000 12D30000
    3340000A 3320000D B0000000 B9F43590 32730001 90830060 D076C000 8864D400
    BE23001C 8884CC00 BE240018 10730000 16579803 BE52FFD4 12D30000 10730000
    E9E10000 EA610004 EAC10008 EAE1000C EB010010 EB210014 EB410018 B60F0008
    3021001C B810FFD8 12670000 3021FFEC FAC10008 F9E10000 FA610004 FAE1000C
    FB010010 BE070064 12C70000 12E60000 12600000 B8100020 3300000D B0000000
    B9F434D4 32730001 16569803 BEB20040 10760000 C0B3B800 90850060 A884000A
    BC24FFDC B0000000 B9F434AC 10B80000 C0B3B800 B0000000 B9F4349C 32730001
    16569803 BC52FFD0 10760000 E9E10000 EA610004 EAC10008 EAE1000C EB010010
    B60F0008 30210014 B0000000 E860C220 BC030058 B0000000 3080CB21 10A32800
    B0000000 F8A0C220 16452003 BC52000C B60F0008 80000000 3021FFFC F9E10000
    B0000000 B9F400CC 80000000 10830000 30A0000C 3060FFFF F8A40000 E9E10000
    B60F0008 30210004 B0000000 3060C320 B800FFA4 3021FFF0 FB810000 FBA10004
    FBC10008 FBE1000C BC06006C BC050068 BEA5000C 03850000 24A50000 BCA60008
    24C60000 30600000 33C00000 BE450014 33A00020 00A52800 BEA5FFFC 33BDFFFF
    00A52800 08631800 07E61800 BC5F000C 8060F800 33DE0001 33BDFFFF BC1D000C
    03DEF000 B800FFDC BCBC0010 B810000C 24630000 80600000 EB810000 EBA10004
    EBC10008 EBE1000C B60F0008 30210010 B0000000 E860BAE4 B60F0008 80000000
    3021FFD4 FAC1001C FAE10020 12C50000 FB010024 FB210028 F9E10000 B0000000
    B9F40314 12E60000 10F60000 11170000 10B60000 10D70000 13030000 B0000000
    B9F40C04 13240000 BE230060 10B60000 10E00000 11000000 B0000000 B9F40B58
    10D70000 BE830044 10B60000 10E00000 11000000 B0000000 B9F40ABC 10D70000
    BC23004C B000FFFF B9F4FF68 80000000 B0000000 EB00B8F8 B0000000 EB20B8FC
    30800022 F8830000 10780000 10990000 E9E10000 EAC1001C EAE10020 EB010024
    EB210028 B60F0008 3021002C B000FFFF B9F4FF20 80000000 B0000000 30A0B8F4
    30800021 B0000000 B9F40234 F8830000 13030000 B810FFB4 13240000 64660214
    3021FFC8 A46307FF FA61001C FAC10020 FAE10024 FB010028 FB21002C F9E10000
    FB410030 FB610034 3263FC01 30800013 12C50000 12E60000 13060000 16532001
    BE52010C 13250000 BC5300B0 B000000F 3360FFFF 477B9A00 8466D800 80632800
    BE030068 13460000 B0008800 30E0759C B0007E37 3100E43C B000FFFF B9F4B7B0
    80000000 10C40000 10E00000 11000000 B0000000 B9F40A20 10A30000 BC630024
    BC770014 B0000010 30600000 44639A00 13571800 AB7BFFFF 871BD000 13200000
    12F80000 12D90000 10760000 10970000 E9E10000 EA61001C EAC10020 EAE10024
    EB010028 EB21002C EB410030 EB610034 B60F0008 30210038 B0008800 30E0759C
    B0007E37 3100E43C B000FFFF B9F4B720 80000000 10C40000 10E00000 11000000
    B0000000 B9F40990 10A30000 BC63FF94 BC5700DC 8317B000 BC18000C B0003FF0
    33000000 B810FF7C 13200000 30800033 16532001 BEB20030 3063FBED AA730400
    BE33FF6C 10760000 10E50000 B000FFFF B9F4B6BC 11060000 12C30000 B810FF4C
    12E40000 3340FFFF 475A1800 8465D000 BE03FF3C 10760000 B0008800 30E0759C
    B0007E37 3100E43C B000FFFF B9F4B680 80000000 10C40000 10E00000 11000000
    B0000000 B9F408F0 10A30000 BC63FEF4 BE770030 10760000 A8930014 BE040020
    30800034 16732000 30800001 44849C00 10762000 16561803 BCB20008 33170001
    AB5AFFFF B810FEBC 873A1800 B0008000 33000000 B810FEAC 13200000 B0000000
    E860B900 B0000000 E880B904 B60F0008 80000000 B000000F 3080FFFF 3021FFB0
    F9E10000 FA610024 FAC10028 FAE1002C FB010030 FB210034 FB410038 FB61003C
    FB810040 FBA10044 FBC10048 FBE1004C 11050000 11260000 16462001 BE52020C
    10660000 B0007FFF A486FFFF 80842800 BE040558 10E50000 BC4606F0 30E00000
    B0004350 31000000 B000FFFF B9F4B66C 80000000 11030000 11240000 10640000
    B0007FEF 3080FFFF 16432001 BE5201D0 30A0FFCA B000000F A7C3FFFF B0000009
    309E5F64 11480000 B0000010 A4840000 64630214 66640214 B0003FF0 A8840000
    8164F000 3063FC01 10632800 30E00000 B0003FF0 31000000 10AA0000 10CB0000
    B000FFFF B9F4B578 12731800 12C30000 307E0002 12E40000 B000000F A463FFFF
    30800002 16432001 BE5201B4 10B60000 10E00000 11000000 B0000000 B9F406D8
    10D70000 BE0304B0 10B60000 B0005555 30E05555 B0003FD5 31005555 B000FFFF
    B9F4B598 10D70000 30A00000 B0003FE0 30C00000 10E30000 B000FFFF B9F4B500
    11040000 10F60000 11170000 10B60000 10D70000 13030000 B000FFFF B9F4B55C
    13240000 10B80000 10D90000 10E30000 B000FFFF B9F4B544 11040000 13030000
    BE130584 13240000 B000FFFF B9F4BB78 10B30000 B000FEE0 30E00000 B0003FE6
    31002E42 10A30000 10C40000 13430000 B000FFFF B9F4B504 13640000 B0003579
    30E03C76 B0003DEA 310039EF 10BA0000 10DB0000 13830000 B000FFFF B9F4B4DC
    13A40000 10B80000 10D90000 10E30000 B000FFFF B9F4B448 11040000 11170000
    10C40000 10A30000 B000FFFF B9F4B430 10F60000 11030000 11240000 10BC0000
    B810034C 10DD0000 B0007FEF 3080FFFF 16432001 BEB2FE40 10A00000 10E80000
    10C90000 11090000 B000FFFF B9F4B380 10A70000 10A40000 10830000 10640000
    E9E10000 10850000 EA610024 EAC10028 EAE1002C EB010030 EB210034 EB410038
    EB61003C EB810040 EBA10044 EBC10048 EBE1004C B60F0008 30210050 30E00000
    B0004000 31000000 B000FFF9 33FEEB86 B000FFFF B9F4B318 10D70000 10D70000
    10E30000 11040000 B000FFFF B9F4B76C 10B60000 10B30000 13830000 B000FFFF
    B9F4BA24 13A40000 10A40000 10830000 10FC0000 111D0000 10DD0000 F881001C
    F8A10020 B000FFFF B9F4B3B0 10BC0000 10E30000 11040000 10A30000 10C40000
    13430000 B000FFFF B9F4B390 13640000 B000DF3E 30E05244 B0003FC2 3100F112
    10A30000 10C40000 13030000 B000FFFF B9F4B368 13240000 B00096CB 30E003DE
    B0003FC7 31004664 10C40000 B000FFFF B9F4B25C 10A30000 10F80000 11190000
    10C40000 B000FFFF B9F4B330 10A30000 B0009422 30E09359 B0003FD2 31004924
    10C40000 B000FFFF B9F4B224 10A30000 10F80000 11190000 10C40000 B000FFFF
    B9F4B2F8 10A30000 B0005555 30E05593 B0003FE5 31005555 10C40000 B000FFFF
    B9F4B1EC 10A30000 10FA0000 111B0000 10C40000 B000FFFF B9F4B2C0 10A30000
    10B80000 10D90000 B000D078 30E0C69F B0003FC3 31009A09 13430000 B000FFFF
    B9F4B298 13640000 B0001D8E 30E078AF B0003FCC 310071C5 10C40000 B000FFFF
    B9F4B18C 10A30000 10F80000 11190000 10C40000 B000FFFF B9F4B260 10A30000
    B0009997 30E0FA04 B0003FD9 31009999 10C40000 B000FFFF B9F4B154 10A30000
    10F80000 11190000 10C40000 B000FFFF B9F4B228 10A30000 10BA0000 10DB0000
    10E30000 B000FFFF B9F4B124 11040000 13030000 B0000006 3060B851 17DE1800
    83DEF800 BE7E0174 13240000 30E00000 B0003FE0 31000000 10B60000 B000FFFF
    B9F4B1D8 10D70000 10F60000 11170000 10C40000 B000FFFF B9F4B1C0 10A30000
    10B80000 10D90000 10E30000 11040000 13030000 B000FFFF B9F4B0B4 13240000
    10FC0000 111D0000 10C40000 B000FFFF B9F4B188 10A30000 13430000 BE33021C
    13640000 11040000 10B80000 10D90000 B000FFFF B9F4B0E8 10E30000 11030000
    11240000 10B60000 10D70000 10E80000 B000FFFF B9F4B0C8 11090000 10A40000
    B810FCDC 10830000 30A00000 B000C350 30C00000 10E00000 11000000 B000FFFF
    B9F4B498 80000000 10A40000 B810FCB0 10830000 BC130210 B000FFFF B9F4B748
    10B30000 B000FEE0 30E00000 B0003FE6 31002E42 10A30000 10C40000 12C30000
    B000FFFF B9F4B0D4 12E40000 B0003579 30E03C76 B0003DEA 310039EF 10B60000
    10D70000 13030000 B000FFFF B9F4B0AC 13240000 10B80000 10D90000 10E30000
    B000FFFF B9F4AFA8 11040000 10A40000 B810FC2C 10830000 10F80000 11040000
    10B60000 B000FFFF B9F4AFF4 10D70000 10FC0000 111D0000 10C40000 B000FFFF
    B9F4B058 10A30000 13030000 BE130098 13240000 B000FEE0 30E00000 B0003FE6
    31002E42 E8A1001C E8C10020 B000FFFF B9F4B028 80000000 B0003579 30E03C76
    B0003DEA 310039EF E8A1001C E8C10020 13430000 B000FFFF B9F4B000 13640000
    10B80000 10D90000 10E30000 B000FFFF B9F4AF6C 11040000 11170000 10C40000
    10A30000 B000FFFF B9F4AF54 10F60000 11030000 11240000 10BA0000 B810FE70
    10DB0000 10B60000 10F80000 11190000 B000FFFF B9F4AF28 10D70000 10A40000
    B810FB3C 10830000 B000FFFF B9F4AF10 11060000 10A30000 10E00000 11000000
    B000FFFF B9F4B2F4 10C40000 10A40000 B810FB0C 10830000 E8A1001C E8C10020
    B000FEE0 30E00000 B0003FE6 31002E42 B000FFFF B9F4AF44 80000000 E8A1001C
    E8C10020 B0003579 30E03C76 B0003DEA 310039EF 13830000 B000FFFF B9F4AF1C
    13A40000 10FA0000 111B0000 10C40000 B000FFFF B9F4AE18 10A30000 B810FA2C
    10B80000 10800000 10A00000 B810FA94 10640000 11450000 11660000 11280000
    11070000 3021FFAC 30C10030 F9E10000 F941004C F9610050 F9010044 F9210048
    B000FFFF B9F4BDB0 30A1004C 30C1001C B000FFFF B9F4BDA0 30A10044 E8810030
    30600001 16441803 BEB20020 E881001C 16441803 BEB20014 30C1001C B000FFFF
    B9F4BE7C 30A10030 E9E10000 B60F0008 30210054 11450000 11660000 11280000
    11070000 3021FFAC 30C10030 F9E10000 F941004C F9610050 F9010044 F9210048
    B000FFFF B9F4BD30 30A1004C 30C1001C B000FFFF B9F4BD20 30A10044 E8810030
    30600001 16441803 BEB2002C E881001C 16441803 BEB20020 30C1001C B000FFFF
    B9F4BDFC 30A10030 E9E10000 B60F0008 30210054 E9E10000 3060FFFF B60F0008
    30210054 11450000 11660000 11280000 11070000 3021FFAC 30C10030 F9E10000
    F941004C F9610050 F9010044 F9210048 B000FFFF B9F4BCA0 30A1004C 30C1001C
    B000FFFF B9F4BC90 30A10044 E8810030 30600001 16441803 BEB20014 E881001C
    16441803 BE520014 E9E10000 E9E10000 B60F0008 30210054 10600000 B60F0008
    30210054 3021FFF8 FA610004 B0000000 3260AC70 F9E10000 E873FFFC A883FFFF
    BE040020 3273FFFC 99FC1800 80000000 E873FFFC A883FFFF BE24FFF0 3273FFFC
    E9E10000 EA610004 B60F0008 30210008 B0000000 3060AF90 3021FFA4 FAC10054
    E8830000 12C70000 B0003030 31003030 F881003C E8830004 F9E10000 FA610050
    F8810040 E8830008 FAE10058 F8810044 E883000C E0630010 F8810048 F061004C
    3081001C 10600000 30630001 F9040000 A8E30008 BE27FFF4 30840004 E8760018
    BE230024 11200000 3060000A 88661C00 BE030018 10600000 BCA50010 14A50000
    31200001 10600000 49062802 10E50000 12630000 40883000 14A42800 3081001C
    10A42800 E0A50020 10811800 30630001 F0A4001C 16463803 BEB2FFD0 10A80000
    BE09001C 30B30002 10811800 12630000 10650000 30A0002D F0A4001C 10611800
    30A1001C B000FFFF B9F4C770 F003001C E8960010 F8760000 BE040018 12E30000
    E8760014 10800000 88632400 BC2300AC 10619800 E0A3001C B0000000 B9F42518
    3273FFFF A873FFFF BC23FFE8 E8960010 8C841C00 BE040014 E9E10000 E8960014
    8C641C00 BC230018 EA610050 EAC10054 EAE10058 B60F0008 3021005C EA760000
    E8760004 16439801 BEB2FFE0 E9E10000 E0B6000C B0000000 B9F424BC 32730001
    E8760004 16439801 BEB2FFC0 E9E10000 E0B6000C B0000000 B9F4249C 32730001
    E8760004 16439801 BE52FFC8 E9E10000 B810FF9C EA610050 E8760004 1643B801
    BEB2FF54 10619800 E0B6000C B0000000 B9F42464 32F70001 E8760004 1643B801
    BEB2FF34 10619800 E0B6000C B0000000 B9F42444 32F70001 E8760004 1643B801
    BE52FFC8 10619800 B810FF10 E0A3001C BC05045C 3021FF98 FAC10040 FB010048
    F9E10000 FA61003C FAE10044 FB21004C FB410050 FB610054 FB810058 FBA1005C
    FBC10060 FBE10064 12C50000 E0A50000 90850060 BE0400E4 13000000 12E60000
    33800020 33607FFF 33400053 B8100024 33200001 B0000000 B9F423BC 80000000
    E0B60001 90850060 BE0400B0 32D60001 A8840025 BE24FFE0 13A40000 E0760001
    F8810034 F8810030 F881002C F3810028 FB610024 F8810020 F881001C A48300FF
    B0000000 E0A4B429 A4C50004 BE2600A4 32760001 A4A50003 A8A50001 BC250008
    30840020 3084FFDB 1644D003 BE520038 64840402 B0000000 3084B908 E8640000
    98081800 30600001 F8610034 E8B70000 30E1001C 30C0000A B000FFFF B9F4FCD4
    32F70004 13190000 32D30001 E0B60000 90850060 BC24FF5C E9E10000 EA61003C
    EAC10040 EAE10044 EB010048 EB21004C EB410050 EB610054 EB810058 EBA1005C
    EBC10060 EBE10064 B60F0008 30210068 BE3D0054 90A30060 A8840030 BC04008C
    109D0000 12D30000 32730001 90C30060 E0730000 6084000A 30C6FFD0 A4A300FF
    B0000000 E0A5B429 A4A50004 BE25FFD8 10862000 E0730000 F8810020 B810FF00
    FB21002C B810000C 10800000 90A30060 E0730001 6084000A 30A5FFD0 10852000
    A4A300FF B0000000 E0A5B429 12D30000 A4A50004 BE25FFD8 32730001 E0730000
    B810FEBC F8810024 30800030 B810FF74 F0810028 E8B70000 30800001 30E1001C
    30C00010 F8810034 13190000 B000FFFF B9F4FBC0 32F70004 B810FEF4 32D30001
    E0B60002 90650060 AB03006E BE1801CC 33D60002 3080006E 16432001 BE520164
    AB030061 BC1801F0 AB030068 BC3801D0 B0000000 B9F421C0 30A00008 E0760003
    B810FE3C 12DE0000 EBA1002C EB170000 12C00000 EBC10030 BE180060 8FBDB400
    10B80000 B000FFFF B9F4C3B0 8ADEB400 F861001C BE160010 13E30000 BE3D020C
    EAC10020 E0B80000 90650060 BC03002C EAC10024 BC160024 32D6FFFF B0000000
    B9F42154 FAC10024 E0B80001 90650060 BE23FFE4 33180001 BE1E000C A7BD00FF
    BC3D00E0 32F70004 13190000 B810FE20 32D30001 E0760002 13000000 B810FDA0
    12D30000 E0B70000 13190000 B0000000 B9F42104 32F70004 B810FDF4 32D30001
    E0760002 90A30060 A885002A BC240064 E3F60003 93FF0060 ABFF0073 BC1F0118
    B0000000 E060B453 A4630004 BE03FDB8 32760002 13040000 B810FE4C 33A00001
    30800001 E0760002 F8810030 12D30000 B810FD2C 13000000 30A00025 B0000000
    B9F42094 13190000 B810FD84 32D30001 12D30000 33A00001 B810FD04 13000000
    AB030072 BC380078 B0000000 B9F42068 30A0000D E0760003 B810FCE4 12DE0000
    EAC1001C EB010020 1658B001 BEB2FF18 E3A10028 10BD0000 B0000000 B9F42038
    32D60001 1658B001 BE52FFF0 10BD0000 B810FEF8 32F70004 B0000000 B9F42018
    30A0000D B0000000 B9F4200C 30A0000A E0760003 B810FC88 12DE0000 B0000000
    B9F41FF4 13000000 E0760003 B810FC70 12DE0000 B0000000 B9F41FDC 30A00007
    E0760003 B810FC58 12DE0000 B60F0008 80000000 EA770000 EBD70004 BE330028
    32F70008 B8100030 A8980001 B0000000 B9F41FA4 33FF0001 1653F803 BEB20018
    A8980001 C0BFF000 90650060 BE23FFE0 A8980001 E0760004 BE04FC6C 32760003
    B810FBFC 12D30000 16561801 BEB20028 E0610028 F0610038 E0A10038 B0000000
    B9F41F54 33FF0001 1656F801 BE52FFF0 E0A10038 E0B80000 90650060 BC03FE08
    B810FDD4 EAC10024 F8C10008 F8A10004 F8E1000C F9010010 F9210014 F9410018
    3021FFE4 F9E10000 B000FFFF B9F4FAE4 30C10024 E9E10000 B60F0008 3021001C
    B0000000 3080AC80 E86400EC BC030048 E8640048 BC030040 E8A40078 E8640118
    E8840074 64A50402 10832000 14C50000 84633000 84843000 16441803 BCB20018
    90030074 80000000 10632800 16441803 BC52FFF0 B60F0008 80000000 B0000000
    30A0AC80 E86500EC BC030060 E8650048 BC030058 E8C50078 E8650118 E8850074
    64C60402 E8A50080 14E60000 10832000 84843800 BE25003C 84671800 16441803
    BEB20028 10E50000 90030064 80000000 10633000 16441803 BC52FFF0 BC05000C
    9407C001 80000000 B60F0008 80000000 94E08001 A507FF7D 9408C001 80000000
    16441803 BC52FFC4 B800FFD8 B0000000 3060AC80 30800003 E8A300AC 16452003
    BCB20048 E8830048 BC040040 E8A30078 E8C30118 E883011C 64A50402 14862000
    14650000 84633000 A484FFC0 16441803 BCB20018 90030476 80000000 10632800
    16441803 BC52FFF0 B60F0008 80000000 B0000000 3060AC80 30800003 E8A300AC
    16452003 BCB20048 E8830048 BC040040 E8A30078 E8C30118 E883011C 64A50402
    14862000 14650000 84633000 A484FFC0 16441803 BCB20018 90030466 80000000
    10632800 16441803 BC52FFF0 B60F0008 80000000 B0000000 30A0AC80 E8650108
    BC030060 E865004C BC030058 E8C500A4 E8650120 E8850054 64C60402 E8A50080
    14E60000 10832000 84843800 BE25003C 84671800 16441803 BEB20028 10E50000
    90030068 80000000 10633000 16441803 BC52FFF0 BC05000C 9407C001 80000000
    B60F0008 80000000 94E08001 A507FFDD 9408C001 80000000 16441803 BC52FFC4
    B800FFD8 3021FFFC F9E10000 B000FFFF B9F4FF00 80000000 B000FFFF B9F4FF58
    80000000 B0000000 E860ACAC BC030018 94110020 80000000 E9E10000 B60F0008
    30210004 94608001 A463FFDF 9403C001 80000000 E9E10000 B60F0008 30210004
    3021FFF8 FA610004 B0000000 3260AC80 F9E10000 E8730048 BC230044 E873002C
    BC03001C 94110080 80000000 E9E10000 EA610004 B60F0008 30210008 94608001
    A463FF7F 9403C001 80000000 E9E10000 EA610004 B60F0008 30210008 B000FFFF
    B9F4FD00 80000000 B810FFB8 E873002C 3021FFFC F9E10000 B000FFFF B9F4FDD0
    80000000 B0000000 E860AD00 BC030040 B000FFFF B9F4FCCC 80000000 B000FFFF
    B9F4FE10 80000000 B000FFFF B9F4FD10 80000000 B000FFFF B9F4FF48 80000000
    E9E10000 B60F0008 30210004 B000FFFF B9F4FCEC 80000000 B000FFFF B9F4FDD4
    80000000 B000FFFF B9F4FCD4 80000000 B000FFFF B9F4FF0C 80000000 E9E10000
    B60F0008 30210004 B0000000 E860ACAC BC030014 94100080 80000000 B60F0008
    80000000 94608001 A0630080 9403C001 80000000 B60F0008 80000000 B0000000
    E860ACAC BC030014 94100020 80000000 B60F0008 80000000 94608001 A0630020
    9403C001 80000000 B60F0008 80000000 3021FFAC F9E10000 F8210020 F8610024
    F8810028 F8A1002C F8C10030 F8E10034 F9010038 F921003C F9410040 F9610044
    F9810048 FA21004C 95608001 B0000000 3060BF48 FA410050 F961001C E8830000
    99FC2000 E8A30004 E9E10000 E961001C E8210020 940BC001 E8610024 E8810028
    E8A1002C E8C10030 E8E10034 E9010038 E921003C E9410040 E9610044 E9810048
    EA21004C EA410050 B62E0000 30210054 B0000000 E860C224 BC030030 3021FFE4
    F9E10000 99FC1800 80000000 B0000000 E860BF44 BE03000C E9E10000 B8000000
    B60F0008 3021001C B0000000 E860BF44 BC030008 B8000000 B60F0008 80000000
    B60F0008 80000000 3021FFE0 FA61001C F9E10000 BE050098 12650000 B0000000
    E860ADB8 B0000000 F800C228 BE030068 10800000 11040000 B8100020 89462400
    BC2A0030 6104001C B0000000 30E8ADB8 E8E70000 BC070040 B0000000 30E8ADB8
    E8E70004 89263C00 BE09FFD8 30840001 B0000000 30C8ADB8 B0000000 B9F40058
    10B30000 E9E10000 EA61001C B60F0008 30210020 F8130004 E9E10000 EA61001C
    30600002 B60F0008 30210020 B0000000 30A0B020 B000FFFF B9F4FEF8 30C0008A
    30800001 B0000000 F880C228 B810FFB8 10730000 BC050034 B0000000 F800C228
    F8E50000 E866000C B0001111 30801111 E8C60008 F865000C F8850004 F8C50008
    B60F0008 10600000 B0000000 30A0B0C0 3021FFE4 F9E10000 B000FFFF B9F4FE94
    30C00062 E9E10000 30600001 B0000000 F860C228 10600000 B60F0008 3021001C
    3021FFE4 BE0500B0 F9E10000 E8650004 B0000000 F800C228 B0001111 A8631111
    BE230068 A8660001 BE030018 A8660002 BC23002C E865000C A8630001 BC230020
    E8650000 64C60403 30C6FFFC D8E33000 E9E10000 B60F0008 3021001C B0000000
    30A0B0C0 B000FFFF B9F4FE08 30C00089 E9E10000 30600001 B0000000 F860C228
    B60F0008 3021001C B0000000 30A0B0C0 B000FFFF B9F4FDDC 30C00088 E9E10000
    30600001 B0000000 F860C228 B60F0008 3021001C B0000000 30A0B0C0 B000FFFF
    B9F4FDB0 30C00087 30600001 B0000000 F860C228 B810FF80 E9E10000 3021FFE4
    BE0500B0 F9E10000 E8650004 B0000000 F800C228 B0001111 A8631111 BC23006C
    A8660001 BE030018 A8660002 BC23002C E865000C A8630001 BC230020 E8650000
    30C6FFFF 64C60403 E9E10000 C8633000 B60F0008 3021001C B0000000 30A0B0C0
    B000FFFF B9F4FD2C 30C000C1 30600001 B0000000 F860C228 10600000 E9E10000
    B60F0008 3021001C B0000000 30A0B0C0 B000FFFF B9F4FCFC 30C000C0 30600001
    B0000000 F860C228 B810FFD4 10600000 B0000000 30A0B0C0 B000FFFF B9F4FCD4
    30C000BF 30600001 B0000000 F860C228 B810FFAC 10600000 3021FFE4 BE0500B0
    F9E10000 E8650004 B0000000 F800C228 B0001111 A8631111 BE230068 A8660001
    BE030018 A8660002 BC23002C E865000C A8630001 BC230020 E8650000 30C6FFFF
    64C60403 D8E33000 E9E10000 B60F0008 3021001C B0000000 30A0B0C0 B000FFFF
    B9F4FC50 30C000DD E9E10000 30600001 B0000000 F860C228 B60F0008 3021001C
    B0000000 30A0B0C0 B000FFFF B9F4FC24 30C000DC E9E10000 30600001 B0000000
    F860C228 B60F0008 3021001C B0000000 30A0B0C0 B000FFFF B9F4FBF8 30C000DB
    30600001 B0000000 F860C228 B810FF80 E9E10000 3021FFE4 BE05008C F9E10000
    B0000000 F800C228 BE0600A4 A4660003 BC230044 BC070024 E885000C BE04002C
    E8650008 E8631000 30E7FFFF F8660000 BE27FFE8 30C60004 E9E10000 10600000
    B60F0008 3021001C E8630020 B810FFE0 30E7FFFF B0000000 30A0B146 B000FFFF
    B9F4FB70 30C000A8 E9E10000 30600001 B0000000 F860C228 10600000 B60F0008
    3021001C B0000000 30A0B146 B000FFFF B9F4FB40 30C000A5 30600001 B0000000
    F860C228 B810FF98 E9E10000 B0000000 30A0B146 B000FFFF B9F4FB18 30C000A6
    30600001 B0000000 F860C228 B810FF70 E9E10000 3021FFE4 BE05008C F9E10000
    B0000000 F800C228 BE0600A4 A4660003 BC230044 BC070024 E905000C E8860000
    BE080028 E8650008 F8830000 30E7FFFF BE27FFE8 30C60004 E9E10000 10600000
    B60F0008 3021001C F8830010 B810FFE4 30E7FFFF B0000000 30A0B146 B000FFFF
    B9F4FA90 30C00114 E9E10000 30600001 B0000000 F860C228 10600000 B60F0008
    3021001C B0000000 30A0B146 B000FFFF B9F4FA60 30C00111 30600001 B0000000
    F860C228 B810FF98 E9E10000 B0000000 30A0B146 B000FFFF B9F4FA38 30C00112
    30600001 B0000000 F860C228 B810FF70 E9E10000 3021FFE0 FA61001C F9E10000
    BE050028 12650000 E8650000 B0000000 F800C228 E863001C E9E10000 EA61001C
    B60F0008 30210020 B0000000 30A0B146 B000FFFF B9F4F9DC 30C00065 30800001
    B0000000 F880C228 B810FFD0 10730000 3021FFE0 FA61001C F9E10000 BE050028
    12650000 E8650000 B0000000 F800C228 E8630024 E9E10000 EA61001C B60F0008
    30210020 B0000000 30A0B146 B000FFFF B9F4F980 30C0007C 30800001 B0000000
    F880C228 B810FFD0 10730000 3021FFE0 FA61001C F9E10000 BE050028 12650000
    E8650000 B0000000 F800C228 E863000C E9E10000 EA61001C B60F0008 30210020
    B0000000 30A0B146 B000FFFF B9F4F924 30C000C7 30800001 B0000000 F880C228
    B810FFD0 10730000 BC05001C E8650000 B0000000 F800C228 F8C30014 B60F0008
    80000000 B0000000 30A0B146 3021FFE4 F9E10000 B000FFFF B9F4F8D8 30C000E1
    E9E10000 30600001 B0000000 F860C228 B60F0008 3021001C E885000C BE040014
    E8650008 E8631000 B60F0008 80000000 E8630020 B60F0008 80000000 3021FFDC
    F9E10000 FA61001C BE0500F8 FAC10020 B0000000 F800C228 BE0600B4 12C60000
    12650000 30E00060 10C00000 B000FFFF B9F4B220 30A5000C B0001111 30601111
    FAD30000 FAD30008 F8730004 306000A5 F8760008 B0000000 31408704 B0000000
    31208760 B0000000 31008544 10F30000 F8760018 30C00004 30B30010 F8760028
    B0000000 B9F4129C 80000000 B0000000 314087BC B0000000 31208818 B0000000
    31008624 10F30000 30C00004 B0000000 B9F412CC 30B3003C E9E10000 EA61001C
    EAC10020 B60F0008 30210024 B0000000 30A0B146 B000FFFF B9F4F7B8 30C001BC
    E9E10000 EA61001C EAC10020 30600001 B0000000 F860C228 B60F0008 30210024
    B0000000 30A0B146 B000FFFF B9F4F784 30C001BB 30600001 B0000000 F860C228
    B810FF9C E9E10000 B0000000 E860ADF0 BC03004C 10800000 10C40000 B8100020
    88E52400 BC270030 60C40024 B0000000 3066ADF0 E8630000 BC030024 B0000000
    3066ADF0 E8630004 88632C00 BE03FFD8 30840001 B0000000 3066ADF0 B60F0008
    80000000 B0000000 30A0B1E3 3021FFE4 F9E10000 B000FFFF B9F4F6F8 30C00420
    E9E10000 30600001 B0000000 F860C228 B60F0008 3021001C 3021FFE0 F9E10000
    BE0500EC FA61001C E8E5001C B0000000 F800C228 B0001111 A8E71111 BE270084
    12650000 E8650020 B0002222 A8632222 BE030098 30C00060 E8650018 B0002222
    31202222 E8830028 310003E8 10A33000 A084202B F8830028 E8830060 F9330020
    A0840062 F8830060 B0000000 B9F41208 80000000 BE230068 E9E10000 E8730018
    B0008000 30800000 F883001C E9E10000 EA61001C 10600000 B60F0008 30210020
    B0000000 30A0B1E3 B000FFFF B9F4F624 30C00138 30800001 B0000000 F880C228
    B810FFD0 E9E10000 E9E10000 EA61001C 30600005 B60F0008 30210020 EA61001C
    30600001 B60F0008 30210020 B0000000 30A0B1E3 B000FFFF B9F4F5D8 30C00137
    30600001 B0000000 F860C228 B810FF84 E9E10000 3021FFC8 F9E10000 FA61001C
    FAC10020 FAE10024 FB010028 FB21002C FB410030 BE050374 FB610034 B0000000
    F800C228 BC06038C BC080338 E865001C B0001111 A8631111 BC2300D8 E8650020
    B0002222 A8632222 BE2300EC 30600006 E8650048 BC230384 E9250018 EB29001C
    F869001C E8690060 3349001C A4830004 BE2401D8 33090060 E8780000 30800001
    F8C50038 F8E5003C F8850048 F9050040 F9050044 A0630100 E365002D F8780000
    E8C90064 A4C60008 BE2600BC 30E90064 A67B00FF 65730003 A9930008 AAF30010
    10880000 32C90068 B8100038 AA730020 BC17008C BC330008 E8C30000 F8D60000
    E9470000 10635800 148B2000 F8650038 A46A0008 BE230074 F8850044 BC04006C
    BE2CFFD0 E8650038 B810FFD4 E0C30000 B0000000 30A0B1E3 B000FFFF B9F4F494
    30C00237 30800001 B0000000 F880C228 10600000 E9E10000 EA61001C EAC10020
    EAE10024 EB010028 EB21002C EB410030 EB610034 B60F0008 30210038 B810FF80
    E4C30000 10C00000 E8650034 B0008000 33390000 F8690070 BC1900FC E8780000
    A67B00FF 64930003 A463FEFF A9730008 A9930010 F8780000 31490020 12C00000
    AA730020 E86A0000 A4630004 BC03FFF8 E86A0000 A0630004 F86A0000 E8670000
    A4630001 BC030030 B8100108 EAE50044 BC0C00D0 BC1300E4 E8650010 15044000
    10632000 F8650010 E8670000 A4630001 BC230044 E8C9006C BC2BFFD8 E865003C
    BE03FFD8 31430001 F945003C F0C30000 E8650010 E9250018 15044000 10632000
    30E90064 F8650010 E8670000 A4630001 BC03FFC4 EAE50044 BC37009C BC0800F8
    B810FF64 31490020 A4630001 BC23FE2C E8650034 E8850030 88632000 BC23FE1C
    B0008000 33390000 BC190178 B810FEC8 30600483 E8690028 A0630004 F8690028
    B0008000 30600000 F87A0000 E8780000 A463FEFF F8780000 B810FE9C 10600000
    E865003C BE03FF34 31430002 F4C30000 B810FF28 F945003C E865003C BE03FF1C
    31430004 F8C30000 B810FF10 F945003C BC17FED4 E465005A 8D43B400 BE0A001C
    13360000 16571803 BCB20010 BE030040 1723B800 12E30000 E8650038 33090068
    11400000 BC0B004C BC0C0050 BC330008 E8C30000 10632000 F8D80000 114A2000
    16575003 BE52FFE0 F8650038 BE28FF14 FB250044 E8690060 A0630100 F8690060
    E8650030 F8690070 B810FDE8 F9050048 B810FFC4 E0C30000 B810FFBC E4C30000
    B0000000 30A0B1E3 B000FFFF B9F4F244 30C00236 30600001 B0000000 F860C228
    B810FDB4 10600000 B0000000 30A0B1E3 B000FFFF B9F4F21C 30C00234 30600001
    B0000000 F860C228 B810FD8C 10600000 B0000000 30A0B1E3 B000FFFF B9F4F1F4
    30C00235 30800001 B0000000 F880C228 B810FD64 10600000 B810FD5C 30600015
    B0008000 30600000 F87A0000 B810FD48 30600483 3021FFE4 BE0500C0 F9E10000
    E865001C B0000000 F800C228 B0001111 A8631111 BC230064 E8E50048 BE270084
    30600015 E065002C BE030038 3083FFFF 11270000 44662000 3084FFFF A4630001
    8C634C00 A904FFFF BE28FFEC 10E71800 30600001 16471801 BE520054 E9E10000
    A8C6FFFF F8C50034 E9E10000 10600000 B60F0008 3021001C B0000000 30A0B1E3
    B000FFFF B9F4F12C 30C00385 30600001 B0000000 F860C228 B810FFD4 E9E10000
    E9E10000 B60F0008 3021001C 30600484 B60F0008 3021001C B0000000 30A0B1E3
    B000FFFF B9F4F0EC 30C00384 30600001 B0000000 F860C228 B810FF94 E9E10000
    3021FFF8 FA610004 F9E10000 E8850018 E8650030 E8C50024 12650000 F8640070
    E8640060 BC260030 A0630100 B0000000 A463FFFF F8640060 F8130044 F8130040
    F8130048 E9E10000 EA610004 B60F0008 30210008 A0630160 B0000000 A463FFFF
    30A40060 F8640060 310003E8 10E00000 B0000000 B9F40C00 30C00060 F8130044
    F8130040 F8130048 E9E10000 EA610004 B60F0008 30210008 3021FFDC F9E10000
    FA61001C BE050090 FAC10020 EAC5001C B0000000 F800C228 B0001111 AAD61111
    BE16003C 12650000 B0000000 30A0B1E3 B000FFFF B9F4EFFC 30C001BE 30600001
    B0000000 F860C228 E9E10000 EA61001C EAC10020 B60F0008 30210024 B000FFFF
    B9F4FF00 80000000 E8930030 E8730018 FAD30020 F8930034 3080000A F8830040
    E9E10000 EA61001C EAC10020 B60F0008 30210024 B0000000 30A0B1E3 B000FFFF
    B9F4EF90 30C001BD 30600001 B0000000 F860C228 B810FF98 E9E10000 3021FFDC
    FA61001C F9E10000 FAC10020 BE050198 12650000 E8650020 B0000000 F800C228
    B0002222 A8632222 BE030164 10A70000 E8660008 F8730024 B0000000 30608A14
    F873004C E466001A F473005A E866000C F8F30018 F8130020 F8730028 F8130048
    F8130038 F813003C F8130040 F8130044 E0860010 F093002C E0660011 A4E300FF
    BC070088 F073002D E0660012 32C00001 44962400 F073002E E8660014 3084FFFF
    F8730054 E0660018 F8930030 F8930034 F0730058 B0001111 30601111 F8130000
    F8130004 F873001C F8130008 F813000C F8130010 F8130014 E0E60019 88E7B000
    BC070030 B000FFFF B9F4FE50 10B30000 10600000 E9E10000 EA61001C EAC10020
    B60F0008 30210024 B810FF7C 30600008 E8650060 30C00060 310003E8 A0630066
    F8650060 B0000000 B9F409EC 10A53000 BC230054 E8930018 30A0009F F8A40068
    F8640068 F8640068 E8640060 A463FEFF F8640060 E8640060 A0630100 F8640060
    E8640064 8463B000 BC230008 E864006C E8640064 A4630001 BC23FF6C E864006C
    B800FF64 B810FF70 10760000 E9E10000 EA61001C EAC10020 30600005 B60F0008
    30210024 B0000000 30A0B1E3 B000FFFF B9F4EDC0 30C000A0 30600001 B0000000
    F860C228 B810FF30 10600000 3021FFE0 F9E10000 BE05005C FA61001C B0000000
    F800C228 A4C600FF 32600001 16469803 BE520014 E9E10000 EA61001C B60F0008
    30210020 B0000000 30A0B26A B000FFFF B9F4ED60 30C002CA E9E10000 B0000000
    FA60C228 EA61001C B60F0008 30210020 B0000000 30A0B26A B000FFFF B9F4ED34
    30C002C9 30600001 B0000000 F860C228 B810FFA8 E9E10000 3021FFE4 BE050098
    F9E10000 B0000000 F800C228 BC0600B0 BC070058 E9060008 E886000C E8660010
    E8C60000 F9050008 F885000C F8C50000 B0000000 30C0937C F8650010 F8E50004
    F8C5002C B0001111 30C01111 F8E50018 F8A50030 F8C5001C F8050014 E9E10000
    B60F0008 3021001C B0000000 30A0B26A B000FFFF B9F4EC9C 30C00063 E9E10000
    30600001 B0000000 F860C228 B60F0008 3021001C B0000000 30A0B26A B000FFFF
    B9F4EC70 30C00061 30600001 B0000000 F860C228 B810FFAC E9E10000 B0000000
    30A0B26A B000FFFF B9F4EC48 30C00062 30C00001 B0000000 F8C0C228 B810FF84
    E9E10000 3021FFE4 BE0500E4 F9E10000 E885001C B0000000 F800C228 B0001111
    A8841111 BC240090 E8650020 B0002222 A8632222 BE0300B0 E8C50024 B0000000
    3100BF50 E8E50018 31400120 E1280000 10640000 31290004 D8874800 E1280000
    D9474800 E1080000 D8874000 B0002222 A8862222 BE040034 30E00120 B0000000
    30C0BF50 E8850018 10600000 E0A60001 30A50004 D8642800 E0A60001 D8E42800
    E0A60001 D8642800 E9E10000 B60F0008 3021001C B0000000 30A0B26A B000FFFF
    B9F4EB70 30C00087 E9E10000 31400001 10600000 B0000000 F940C228 B60F0008
    3021001C B810FF88 30600005 B0000000 30A0B26A B000FFFF B9F4EB38 30C00086
    B810FFCC E9E10000 3021FFE0 FA61001C F9E10000 BE05008C 12650000 E8730020
    B0000000 F800C228 B0002222 A8632222 BE23001C 10A60000 E8730024 B0002222
    A8632222 BE030038 30600005 B0000000 B9F40628 80000000 BE030034 10C30000
    10B30000 B000FFFF B9F4FDB0 E8E30004 B000FFFF B9F4FE90 10B30000 E9E10000
    EA61001C B60F0008 30210020 E9E10000 EA61001C 30600002 B60F0008 30210020
    B0000000 30A0B26A B000FFFF B9F4EA84 30C000C2 30800001 B0000000 F880C228
    B810FFBC 10730000 3021FFE0 F9E10000 BE0500E0 FA61001C B0000000 F800C228
    A4C600FF 32600001 16469803 BC520088 E865001C B0001111 A8631111 BE23004C
    31000020 E8650018 B0000000 E0E6BF50 C8833800 D9033800 BC260088 B0002222
    30E02222 F8E50020 B0000000 E0A6BF50 A0840080 D8832800 E9E10000 EA61001C
    B60F0008 30210020 B0000000 30A0B26A B000FFFF B9F4E9DC 30C000F7 E9E10000
    B0000000 FA60C228 EA61001C B60F0008 30210020 B0000000 30A0B26A B000FFFF
    B9F4E9B0 30C000F6 E9E10000 B0000000 FA60C228 EA61001C B60F0008 30210020
    B0002222 31002222 B810FF80 F9050024 B0000000 30A0B26A B000FFFF B9F4E974
    30C000F5 30600001 B0000000 F860C228 B810FF6C E9E10000 3021FFE0 F9E10000
    BE0500CC FA61001C B0000000 F800C228 A4C600FF 32600001 16469803 BC520070
    E865001C B0001111 A8631111 BC230034 B0000000 E106BF50 E8E50018 C8874000
    A484FF7F D8874000 BC260070 F8C50020 E9E10000 EA61001C B60F0008 30210020
    B0000000 30A0B26A B000FFFF B9F4E8E4 30C00138 E9E10000 B0000000 FA60C228
    EA61001C B60F0008 30210020 B0000000 30A0B26A B000FFFF B9F4E8B8 30C00137
    E9E10000 B0000000 FA60C228 EA61001C B60F0008 30210020 F8650024 E9E10000
    EA61001C B60F0008 30210020 B0000000 30A0B26A B000FFFF B9F4E878 30C00136
    30600001 B0000000 F860C228 B810FF68 E9E10000 3021FFE0 F9E10000 BE0500A8
    FA61001C B0000000 F800C228 A4C600FF 32600001 16469803 BC520068 E865001C
    B0001111 A8631111 BE230028 E9E10000 B0000000 E066BF50 E8850018 EA61001C
    10632000 E8630008 B60F0008 30210020 B0000000 30A0B26A B000FFFF B9F4E7F4
    30C0016B 10600000 B0000000 FA60C228 E9E10000 EA61001C B60F0008 30210020
    B0000000 30A0B26A B000FFFF B9F4E7C4 30C0016A B0000000 FA60C228 B810FFD4
    10600000 B0000000 30A0B26A B000FFFF B9F4E7A0 30C00169 30600001 B0000000
    F860C228 B810FFAC 10600000 3021FFE0 F9E10000 BE0500AC FA61001C B0000000
    F800C228 A4C600FF 32600001 16469803 BC520064 E865001C B0001111 A8631111
    BC230028 B0000000 E066BF50 E8850018 10632000 F8E30004 E9E10000 EA61001C
    B60F0008 30210020 B0000000 30A0B26A B000FFFF B9F4E71C 30C0018B E9E10000
    B0000000 FA60C228 EA61001C B60F0008 30210020 B0000000 30A0B26A B000FFFF
    B9F4E6F0 30C0018A E9E10000 B0000000 FA60C228 EA61001C B60F0008 30210020
    B0000000 30A0B26A B000FFFF B9F4E6C4 30C00189 30600001 B0000000 F860C228
    B810FF7C E9E10000 3021FFE0 F9E10000 BE0500BC FA61001C B0000000 F800C228
    A4C600FF 32600001 16469803 BC520074 E865001C B0001111 A8631111 BC230038
    E8650018 B0000000 E0A6BF50 C8832800 A0E40020 D8E32800 B0000000 E0A6BF50
    D8832800 E9E10000 EA61001C B60F0008 30210020 B0000000 30A0B26A B000FFFF
    B9F4E630 30C001C4 E9E10000 B0000000 FA60C228 EA61001C B60F0008 30210020
    B0000000 30A0B26A B000FFFF B9F4E604 30C001C3 E9E10000 B0000000 FA60C228
    EA61001C B60F0008 30210020 B0000000 30A0B26A B000FFFF B9F4E5D8 30C001C2
    30600001 B0000000 F860C228 B810FF7C E9E10000 B0004140 30800008 E8640000
    A4630008 BC23FFF8 A4A500FF B0004140 F8A00004 B60F0008 80000000 B0004140
    30800008 E8640000 A4630001 BC03FFF8 B0004140 E8600000 B60F0008 80000000
    BC050028 B0000000 F800C228 F8C50010 F8C50014 F8E5001C F9050020 F9250024
    B60F0008 F9450028 B0000000 30A0B2F2 3021FFE4 F9E10000 B000FFFF B9F4E534
    30C000B0 E9E10000 30600001 B0000000 F860C228 B60F0008 3021001C BC050028
    B0000000 F800C228 F8050010 F8C50014 F8E50018 F905001C F9250020 B60F0008
    F9450024 B0000000 30A0B2F2 3021FFE4 F9E10000 B000FFFF B9F4E4D8 30C000DC
    E9E10000 30600001 B0000000 F860C228 B60F0008 3021001C B0000000 E860AE38
    BC03004C 10800000 10C40000 B8100020 88E52400 BC270030 60C40014 B0000000
    3066AE38 E8630000 BC030024 B0000000 3066AE38 E8630004 88632C00 BE03FFD8
    30840001 B0000000 3066AE38 B60F0008 80000000 BC0800A4 3021FFE8 FA610004
    FAC10008 FAE1000C FB010010 FB210014 12680000 13050000 12E60000 12C70000
    F9E10000 B810001C 33200001 B0000000 B9F40070 80000000 BE130040 E9E10000
    E8780000 10B90000 84771800 8863B000 BE23FFDC 3273FFFF E9E10000 EA610004
    EAC10008 EAE1000C EB010010 EB210014 B60F0008 30210018 EA610004 EAC10008
    EAE1000C EB010010 EB210014 30600001 B60F0008 30210018 B60F0008 30600001
    B0000000 3080C22C E8640000 BC03002C 10C50000 B000000F 30E04240 3021FFE4
    F9E10000 99FC1800 10A40000 E9E10000 B60F0008 3021001C B60F0008 80000000
    B0000000 30A0C22C 3021FFE4 F9E10000 B0000000 B9F4005C 80000000 B0000000
    30A0C22C B0000000 B9F40248 80000000 E9E10000 B60F0008 3021001C B0000000
    E860C280 64630002 48671802 30C6FFFF 00E01800 30E7FFFF BE27FFFC 80000000
    BE26FFEC 80000000 B60F0008 80000000 B0000000 E880ACA8 10600000 F865000C
    B0000000 F880C280 B0000000 30809DEC B60F0008 F8850000 3021FFE4 F9E10000
    E8650018 E8A5001C 99FC1800 10C00000 E9E10000 B60F0008 3021001C E8650024
    B0000000 E080BF50 C8A32000 D8A32000 B60F0008 80000000 3021FFE4 10C00000
    F9E10000 B000FFFF B9F4F930 30A50020 E9E10000 B60F0008 3021001C 3021FFD8
    FAE10024 32E50020 FA61001C FAC10020 12650000 10E50000 12C60000 B0000000
    30C09E48 F9E10000 B0000000 B9F402A0 10B70000 E9130030 E8F3002C 10B70000
    B0000000 30C0A234 B0000000 B9F40458 A53600FF E9E10000 EA61001C EAC10020
    EAE10024 B60F0008 30210028 3021FFD4 FB010028 B0000000 EB00C284 FA61001C
    FAC10020 FAE10024 F9E10000 12650000 12E60000 BE18006C 32C50020 EA730028
    306003E8 10B60000 4A639802 30E0002C B0000000 B9F400F4 10C00000 10B60000
    10C00000 4273B800 B000FFFF B9F4FA20 10F30000 10B60000 B000FFFF B9F4F72C
    10C00000 E9E10000 EA61001C EAC10020 EAE10024 EB010028 B60F0008 3021002C
    B00041C0 30A00000 B000FFFF B9F4FCAC 80000000 BE030048 10C30000 E8E30004
    B000FFFF B9F4F434 10B60000 B000FFFF B9F4F514 10B60000 10B60000 10D80000
    B0000000 B9F40064 30E00004 10B60000 B000FFFF B9F4F6B4 10D80000 30600001
    B0000000 F860C284 B810FF38 EA730028 B0000000 30809EAC 10600000 F8850004
    B0000000 30809F1C F8850008 B0000000 30809E88 F8850010 B0000000 30809E6C
    B60F0008 F8850014 3021FFE0 F9E10000 BE0500F4 FA61001C B0000000 F800C228
    A4C600FF 32600001 16469803 BC5200AC E885001C B0001111 A8841111 BE240070
    11440000 B8100018 31200007 3129FFFF 814A1800 BE090038 30840001 64640403
    B0000000 3063BA58 E9030000 85074000 BE28FFDC E8630004 A863FFFF 3129FFFF
    854A1800 BE29FFD8 30840001 B0000000 E086BF50 E8650018 D9432000 E9E10000
    EA61001C B60F0008 30210020 B0000000 30A0B72E B000FFFF B9F4E018 30C00070
    B0000000 FA60C228 E9E10000 EA61001C B60F0008 30210020 B0000000 30A0B72E
    B000FFFF B9F4DFEC 30C0006F E9E10000 B0000000 FA60C228 EA61001C B60F0008
    30210020 B0000000 30A0B72E B000FFFF B9F4DFC0 30C0006E 30600001 B0000000
    F860C228 B810FFA8 E9E10000 3021FFE4 BE050064 F9E10000 B0000000 F800C228
    BC06007C E865001C B0001111 A8631111 BC230018 F8C5002C F8E50030 E9E10000
    B60F0008 3021001C B0000000 30A0B7BE B000FFFF B9F4DF5C 30C0004F E9E10000
    30600001 B0000000 F860C228 B60F0008 3021001C B0000000 30A0B7BE B000FFFF
    B9F4DF30 30C0004D 30600001 B0000000 F860C228 B810FFAC E9E10000 B0000000
    30A0B7BE B000FFFF B9F4DF08 30C0004E 30600001 B0000000 F860C228 B810FF84
    E9E10000 3021FFD0 F9E10000 FA61001C FAC10020 FAE10024 FB010028 BE0500E0
    FB21002C 12650000 E8850018 B0000000 F800C228 32E00002 12C00000 33200001
    A71600FF B0000000 E078BF50 C8641800 A4630140 A8630140 BE030038 A47700FF
    A8630001 12F90000 BE23FFD8 32D60001 E9E10000 EA61001C EAC10020 EAE10024
    EB010028 EB21002C B60F0008 30210030 E8730014 E893002C E8B30030 30630001
    10D60000 99FC2000 F8730014 E8930018 B0000000 E0D8BF50 C8643000 A4E30011
    BE27002C 10A62000 A463FF7F A0A30020 D8A43000 B0000000 E0B8BF50 D8642800
    B0000000 E0B8BF50 10A52000 A0630100 F8650000 B810FF6C A47700FF B0000000
    30A0B7BE B000FFFF B9F4DDE8 30C0006C 30600001 B0000000 F860C228 B810FF58
    E9E10000 3021FFD4 F9E10000 FA61001C FAC10020 FAE10024 A4880001 BE0400E4
    FB010028 B0000000 32E0C288 13050000 12C60000 E8970008 B0002222 A8842222
    BE2400A8 12670000 10F60000 11180000 B0000000 30A0C288 A6730FFF B0000000
    B9F4052C 10D30000 BE230098 12C30000 E8770008 B0002222 A8632222 BC2300A8
    B0000000 30E0C288 B0000000 30C0A520 B0000000 B9F40108 30A00010 B0000000
    30A0C288 B0000000 B9F405FC 10D30000 B0000000 B9F40088 80000000 B0000000
    B9F40084 80000000 10760000 E9E10000 EA61001C EAC10020 EAE10024 EB010028
    B60F0008 3021002C 10B70000 B0000000 B9F4018C A4C8FFFE BE03FF54 10F60000
    32C00001 10760000 E9E10000 EA61001C EAC10020 EAE10024 EB010028 B60F0008
    3021002C B0000000 30A0C288 B0000000 B9F40368 30C00001 B800FF48 B60F0008
    80000000 B0000000 3060AC80 E883002C BC040024 94100100 80000000 E863002C
    BC030024 94100002 80000000 B60F0008 80000000 94608001 A0630100 9403C001
    80000000 94608001 A0630002 9403C001 80000000 B60F0008 80000000 A8650010
    BE03001C 64A50403 B0000000 30A5BA98 F8C50000 B60F0008 F8E50004 B0000000
    3060BF48 F8C30000 B60F0008 F8E30004 3021FFE4 BE05002C F9E10000 E8650010
    B0000000 F800C228 B0000000 B9F405A0 E8A30004 E9E10000 B60F0008 3021001C
    B0000000 30A0B84C B000FFFF B9F4DBC4 30C00093 E9E10000 30600001 B0000000
    F860C228 B60F0008 3021001C BC05001C E865000C B0000000 F800C228 30630001
    B60F0008 F865000C B0000000 30A0B8D8 3021FFE4 F9E10000 B000FFFF B9F4DB74
    30C002E0 E9E10000 30600001 B0000000 F860C228 B60F0008 3021001C 3021FFCC
    F9E10000 FA61001C FAC10020 FAE10024 FB010028 FB21002C BE0501D8 FB410030
    E8650008 B0000000 F800C228 B0002222 A8632222 BC0301B4 B0000000 3300AE60
    BE060014 E8F80004 88C63C00 BE060100 30600002 F8050004 F8050008 FB050010
    31000001 F918001C E9580020 F8E50000 EAD80014 E8780034 12D61800 BE760094
    10600000 13230000 B0000000 3340A57C B0000000 32E08170 B8100028 10800000
    BC26004C B0000000 F90CC29C B0000000 F8ABAE88 16561801 BEB20058 11084000
    65230403 65830402 B0000000 3069AE60 E8C30024 30840001 11690000 8A66CC00
    A46400FF BE13FFBC 88C6BC00 B0000000 FB49AE84 B0000000 F90CC29C B0000000
    F8ABAE88 16561801 BE52FFB8 11084000 E898000C F807001C F8070008 3060FFFF
    F867000C A8840001 BC040048 BC0A0010 B0000000 E860C318 F8670008 B0001111
    30601111 F8650004 10600000 E9E10000 EA61001C EAC10020 EAE10024 EB010028
    EB21002C EB410030 B60F0008 30210034 F8870020 E0D80018 30600020 16461803
    BEB20040 31270100 31670200 31200000 31000010 A4C400FF 64C60403 3063FFFF
    10C65800 F9060000 F9260004 A4C300FF BE26FFE4 30840001 BC2AFF78 B800FF80
    31000010 A4C400FF 64C60402 3063FFFF D9093000 A4C300FF BE26FFEC 30840001
    BC2AFF50 B800FF58 B810FF64 30600005 B0000000 30A0B8D8 B000FFFF B9F4D954
    30C0008B 30600001 B0000000 F860C228 B810FF3C 10600000 3021FFE0 F9E10000
    BE0500C4 FA61001C B0000000 F800C228 A4C600FF 32600001 16469803 BC520078
    E8650004 B0001111 A8631111 BE230038 A8C60001 BC260008 32600003 B0002222
    30802222 E8650000 F8850008 FA63001C E9E10000 EA61001C 10600000 B60F0008
    30210020 B0000000 30A0B8D8 B000FFFF B9F4D8C0 30C00143 B0000000 FA60C228
    E9E10000 EA61001C 10600000 B60F0008 30210020 B0000000 30A0B8D8 B000FFFF
    B9F4D890 30C00141 E9E10000 B0000000 FA60C228 EA61001C 10600000 B60F0008
    30210020 B0000000 30A0B8D8 B000FFFF B9F4D860 30C00140 30600001 B0000000
    F860C228 B810FFA0 E9E10000 3021FFE0 F9E10000 BE0500C4 FA61001C B0000000
    F800C228 A4C600FF 32600001 16469803 BC520048 BC0700CC E8650004 B0001111
    A8631111 BE230064 64660403 E8850010 30C60005 64C60403 10641800 F8E30024
    D9062000 E9E10000 EA61001C 10600000 B60F0008 30210020 B0000000 30A0B8D8
    B000FFFF B9F4D7CC 30C001A7 E9E10000 B0000000 FA60C228 EA61001C 10600000
    B60F0008 30210020 B0000000 30A0B8D8 B000FFFF B9F4D79C 30C001A9 E9E10000
    B0000000 FA60C228 EA61001C 10600000 B60F0008 30210020 B0000000 30A0B8D8
    B000FFFF B9F4D76C 30C001A6 30600001 B0000000 F860C228 B810FF70 E9E10000
    B0000000 30A0B8D8 B000FFFF B9F4D744 30C001A8 B0000000 FA60C228 B810FF4C
    E9E10000 3021FFE0 F9E10000 BE0500B8 FA61001C B0000000 F800C228 A4C600FF
    32600001 16469803 BC520070 E8650004 B0001111 A8631111 BE230034 64C60402
    E8850000 B0000000 30C6C29C E8640008 E8A60000 80632800 F8640008 E9E10000
    EA61001C B60F0008 30210020 B0000000 30A0B8D8 B000FFFF B9F4D6B8 30C00230
    E9E10000 B0000000 FA60C228 EA61001C B60F0008 30210020 B0000000 30A0B8D8
    B000FFFF B9F4D68C 30C0022F E9E10000 B0000000 FA60C228 EA61001C B60F0008
    30210020 B0000000 30A0B8D8 B000FFFF B9F4D660 30C0022E 30600001 B0000000
    F860C228 B810FF7C E9E10000 3021FFD4 FA61001C B0000000 3260AE60 F9E10000
    FAC10020 FAE10024 FB010028 E8730004 88A51800 BC250100 E893000C E8A30000
    EAC30008 A8840001 BE0400DC 86D62800 E8730014 E8930034 12E00000 10632000
    BE83002C 33000001 B81000A4 E9E10000 E8730014 E8930034 32F70001 10632000
    1643B801 BEB20088 E9E10000 A4760001 BC03006C E8730008 84781800 BE030014
    64770403 E8730004 FB03000C 64770403 10830000 B0000000 3063AE88 B0000000
    3084AE60 E8840024 99FC2000 E8A30000 E8730008 84781800 BE23000C E8930004
    FB04000C E873001C E8A40000 E8840008 A8630001 BE030018 E9E10000 92D60041
    BE36FF70 1318C000 E9E10000 EA61001C EAC10020 EAE10024 EB010028 B60F0008
    3021002C E8630020 A863FFFF B810FF24 86D61800 E8600004 B8000000 3021FFF0
    D9E00800 3160FFFF 940BC802 31600000 940BC800 B000FFFF B9F45528 80000000
    B000FFFF B9F4C8A0 80000000 C9E00800 B60F0008 30210010 3021FFF0 D9E00800
    B000FFFF B9F45430 80000000 C9E00800 B60F0008 30210010 FFFFFFFF 00009DB0
    00000000 00000000 FFFFFFFF 00000000 00000000 00000000 00000000 00000000
    00000000 00000000 00000000 00000000 00000001 00000000 05F5E100 00000001
    00000010 00000001 00001000 00000010 00001000 00000000 00000001 00000001
    00000001 00001000 00000001 00000000 00000000 00000001 00000000 00000000
    00000000 00001000 00000004 00000000 00000000 00000001 00000000 00000001
    05F5E100 00000001 00000000 00000000 00000001 00000004 00000000 00000002
    00000000 00000002 00000001 00000003 00000002 00000004 00000000 00000000
    00000000 00000000 00000000 00000000 00000000 00000000 00000001 00000000
    00000001 00000000 00000000 00000000 00000001 00000001 00000000 00000002
    00000000 00000001 00000000 3FFFFFFF 00000000 3FFFFFFF 00000000 00000000
    00000000 00000000 0000B030 40000000 00000000 00000000 0000FFFF 0000FFFF
    00000010 00000000 00000000 00000000 00000000 00000000 00000000 00000000
    0000B150 44A00000 00000001 00000000 00000801 00000000 00100000 0000FFFF
    0000FFFF 00000000 00000000 00000000 00000000 00000000 00000000 00000000
    00000000 00000000 0000B300 41C00000 05F5E100 00002001 41200001 00000000
    00000000 00000000 00000000 00000000 0000B8E0 41200000 00000000 00000001
    00000010 00000002 00000020 00000000 00000000 00000000 00000000 00000000
    00000000 00000000 0000FFFF 0000FFFF 00000000 00000000 00000000 00000000
    00000000 00000000 00000000 00000000 00000000 00000000 00000000 00000000
    00000000 00000000 00000000 00000000 20495053 6B6F6F4C 6F437075 6769666E
    69616620 0A64656C 0000000D 20495053 74696E49 696C6169 6974617A 66206E6F
    656C6961 000D0A64 20495053 72617453 61662074 64656C69 00000D0A 20495053
    74697257 74794265 66207365 656C6961 000D0A64 4F464946 20585220 74736574
    61747320 0A0D7472 00000000 656D6954 6E692072 66207469 656C6961 00000D64
    4F495047 696E4920 6C616974 74617A69 206E6F69 6C696166 0D0A6465 00000000
    33323130 37363534 42413938 46454443 00000000 552F3A43 73726573 2F4B432F
    6B736544 2F706F74 61766956 462F6F64 3357434D 434D462F 4D5F3357 6F726369
    7A616C62 4D462F65 5F335743 7263694D 616C626F 6D2F657A 6F726369 7A616C62
    2F305F65 6E617473 6F6C6164 6D5F656E 6F726369 7A616C62 2F305F65 2F707362
    7362696C 672F6372 2F6F6970 2F637273 69706778 69735F6F 2E74696E 00000063
    786E6C78 6978612C 6970672D 2E322D6F 00000030 552F3A43 73726573 2F4B432F
    6B736544 2F706F74 61766956 462F6F64 3357434D 434D462F 4D5F3357 6F726369
    7A616C62 4D462F65 5F335743 7263694D 616C626F 6D2F657A 6F726369 7A616C62
    2F305F65 6E617473 6F6C6164 6D5F656E 6F726369 7A616C62 2F305F65 2F707362
    7362696C 672F6372 2F6F6970 2F637273 69706778 00632E6F 552F3A43 73726573
    2F4B432F 6B736544 2F706F74 61766956 462F6F64 3357434D 434D462F 4D5F3357
    6F726369 7A616C62 4D462F65 5F335743 7263694D 616C626F 6D2F657A 6F726369
    7A616C62 2F305F65 6E617473 6F6C6164 6D5F656E 6F726369 7A616C62 2F305F65
    2F707362 7362696C 6C2F6372 6669666C 72732F6F 6C782F63 6669666C 00632E6F
    786E6C78 6978612C 6175712D 70732D64 2E332D69 00000032 552F3A43 73726573
    2F4B432F 6B736544 2F706F74 61766956 462F6F64 3357434D 434D462F 4D5F3357
    6F726369 7A616C62 4D462F65 5F335743 7263694D 616C626F 6D2F657A 6F726369
    7A616C62 2F305F65 6E617473 6F6C6164 6D5F656E 6F726369 7A616C62 2F305F65
    2F707362 7362696C 732F6372 732F6970 782F6372 2E697073 00000063 552F3A43
    73726573 2F4B432F 6B736544 2F706F74 61766956 462F6F64 3357434D 434D462F
    4D5F3357 6F726369 7A616C62 4D462F65 5F335743 7263694D 616C626F 6D2F657A
    6F726369 7A616C62 2F305F65 6E617473 6F6C6164 6D5F656E 6F726369 7A616C62
    2F305F65 2F707362 7362696C 742F6372 7463726D 72732F72 74782F63 7463726D
    00632E72 552F3A43 73726573 2F4B432F 6B736544 2F706F74 61766956 462F6F64
    3357434D 434D462F 4D5F3357 6F726369 7A616C62 4D462F65 5F335743 7263694D
    616C626F 6D2F657A 6F726369 7A616C62 2F305F65 6E617473 6F6C6164 6D5F656E
    6F726369 7A616C62 2F305F65 2F707362 7362696C 6C2F6372 6669666C 72732F6F
    73782F63 61657274 2E72656D 00000063 786E6C78 6978612C 6D69742D 322D7265
    0000302E 00000000 00000000 00000000 00000000 00000000 02020100 03030303
    04040404 04040404 05050505 05050505 05050505 05050505 06060606 06060606
    06060606 06060606 06060606 06060606 06060606 06060606 07070707 07070707
    07070707 07070707 07070707 07070707 07070707 07070707 07070707 07070707
    07070707 07070707 07070707 07070707 07070707 07070707 08080808 08080808
    08080808 08080808 08080808 08080808 08080808 08080808 08080808 08080808
    08080808 08080808 08080808 08080808 08080808 08080808 08080808 08080808
    08080808 08080808 08080808 08080808 08080808 08080808 08080808 08080808
    08080808 08080808 08080808 08080808 08080808 08080808 20202000 20202020
    28282020 20282828 20202020 20202020 20202020 20202020 10108820 10101010
    10101010 10101010 04040410 04040404 10040404 10101010 41411010 41414141
    01010101 01010101 01010101 01010101 01010101 10101010 42421010 42424242
    02020202 02020202 02020202 02020202 02020202 10101010 00000020 00000000
    00000000 00000000 00000000 00000000 00000000 00000000 00000000 00000000
    00000000 00000000 00000000 00000000 00000000 00000000 00000000 00000000
    00000000 00000000 00000000 00000000 00000000 00000000 00000000 00000000
    00000000 00000000 00000000 00000000 00000000 00000000 00000000 00000000
    00000000 00000000 00000000 00000000 00000000 00000000 00000000 00000000
    00000000 00000000 00000000 00000000 00000000 00000000 00000000 00000000
    00000000 00000000 00000000 00000000 00000000 00000000 00000000 00000000
    00000000 00000000 00000000 00000000 00000000 00000000 00000000 20202020
    20202020 28282820 20202828 20202020 20202020 20202020 20202020 10101088
    10101010 10101010 10101010 04040404 04040404 10100404 10101010 41414110
    01414141 01010101 01010101 01010101 01010101 10010101 10101010 42424210
    02424242 02020202 02020202 02020202 02020202 10020202 20101010 00000000
    00000000 00000000 00000000 00000000 00000000 00000000 00000000 00000000
    00000000 00000000 00000000 00000000 00000000 00000000 00000000 00000000
    00000000 00000000 00000000 00000000 00000000 00000000 00000000 00000000
    00000000 00000000 00000000 00000000 00000000 00000000 00000000 0000000A
    552F3A43 73726573 2F4B432F 6B736544 2F706F74 61766956 462F6F64 3357434D
    434D462F 4D5F3357 6F726369 7A616C62 4D462F65 5F335743 7263694D 616C626F
    6D2F657A 6F726369 7A616C62 2F305F65 6E617473 6F6C6164 6D5F656E 6F726369
    7A616C62 2F305F65 2F707362 7362696C 742F6372 7463726D 72732F72 74782F63
    7463726D 706F5F72 6E6F6974 00632E73 552F3A43 73726573 2F4B432F 6B736544
    2F706F74 61766956 462F6F64 3357434D 434D462F 4D5F3357 6F726369 7A616C62
    4D462F65 5F335743 7263694D 616C626F 6D2F657A 6F726369 7A616C62 2F305F65
    6E617473 6F6C6164 6D5F656E 6F726369 7A616C62 2F305F65 2F707362 7362696C
    742F6372 7463726D 72732F72 74782F63 7463726D 6E695F72 632E7274 00000000
    552F3A43 73726573 2F4B432F 6B736544 2F706F74 61766956 462F6F64 3357434D
    434D462F 4D5F3357 6F726369 7A616C62 4D462F65 5F335743 7263694D 616C626F
    6D2F657A 6F726369 7A616C62 2F305F65 6E617473 6F6C6164 6D5F656E 6F726369
    7A616C62 2F305F65 2F707362 7362696C 692F6372 2F63746E 2F637273 746E6978
    6E695F63 632E7274 00000000 552F3A43 73726573 2F4B432F 6B736544 2F706F74
    61766956 462F6F64 3357434D 434D462F 4D5F3357 6F726369 7A616C62 4D462F65
    5F335743 7263694D 616C626F 6D2F657A 6F726369 7A616C62 2F305F65 6E617473
    6F6C6164 6D5F656E 6F726369 7A616C62 2F305F65 2F707362 7362696C 692F6372
    2F63746E 2F637273 746E6978 00632E63 786E6C78 6978612C 746E692D 2E342D63
    00000031 00000000 00000000 FFF00000 00000000 7FF80000 00007AC8 00007854
    00007854 00007854 00007854 00007854 00007854 00007854 00007AB0 00007A70
    00007854 00007854 00007854 00007854 00007854 00007854 00007854 00007854
    00007854 00007854 00007854 00007854 00007854 00007854 00007854 00007854
    00007854 00007854 00007854 00007854 00007854 00007854 00007854 00007854
    00007854 00007854 00007854 00007854 00007854 00007854 00007854 00007854
    00007854 00007854 00007854 00007854 00007854 00007854 00007854 00007854
    00007854 00007944 00007854 00007854 00007854 00007970 00007854 00007854
    00007854 00007854 00007854 00007854 00007A54 0000783C 00007854 00007854
    00007854 00007854 0000783C 00007854 00007854 00007A44 00007854 00007854
    00007854 00007944 00007854 00007854 000079B8 00007854 00007834 00007854
    00007854 00007944 00000080 00000800 00000040 00000400 00000020 00000002
    00000010 00000009 00000008 00000040 00000004 00000010 00000002 00000004
    00000000 00000000 00008170 00000000 00008170 00000001 00008170 00000002
    00008170 00000003 00008170 00000004 00008170 00000005 00008170 00000006
    00008170 00000007 00000000 00000003 0000C0A8 0000BAE8 00000000 0000C0A8
    0000C110 0000C178 00000000 00000000 00000000 00000000 00000000 00000000
    00000000 00000000 00000000 00000000 00000000 00000000 00000000 00000000
    00000000 FFFFFFFF 00020000 00000000 00000000 0000BB3C 0000BB3C 0000BB44
    0000BB44 0000BB4C 0000BB4C 0000BB54 0000BB54 0000BB5C 0000BB5C 0000BB64
    0000BB64 0000BB6C 0000BB6C 0000BB74 0000BB74 0000BB7C 0000BB7C 0000BB84
    0000BB84 0000BB8C 0000BB8C 0000BB94 0000BB94 0000BB9C 0000BB9C 0000BBA4
    0000BBA4 0000BBAC 0000BBAC 0000BBB4 0000BBB4 0000BBBC 0000BBBC 0000BBC4
    0000BBC4 0000BBCC 0000BBCC 0000BBD4 0000BBD4 0000BBDC 0000BBDC 0000BBE4
    0000BBE4 0000BBEC 0000BBEC 0000BBF4 0000BBF4 0000BBFC 0000BBFC 0000BC04
    0000BC04 0000BC0C 0000BC0C 0000BC14 0000BC14 0000BC1C 0000BC1C 0000BC24
    0000BC24 0000BC2C 0000BC2C 0000BC34 0000BC34 0000BC3C 0000BC3C 0000BC44
    0000BC44 0000BC4C 0000BC4C 0000BC54 0000BC54 0000BC5C 0000BC5C 0000BC64
    0000BC64 0000BC6C 0000BC6C 0000BC74 0000BC74 0000BC7C 0000BC7C 0000BC84
    0000BC84 0000BC8C 0000BC8C 0000BC94 0000BC94 0000BC9C 0000BC9C 0000BCA4
    0000BCA4 0000BCAC 0000BCAC 0000BCB4 0000BCB4 0000BCBC 0000BCBC 0000BCC4
    0000BCC4 0000BCCC 0000BCCC 0000BCD4 0000BCD4 0000BCDC 0000BCDC 0000BCE4
    0000BCE4 0000BCEC 0000BCEC 0000BCF4 0000BCF4 0000BCFC 0000BCFC 0000BD04
    0000BD04 0000BD0C 0000BD0C 0000BD14 0000BD14 0000BD1C 0000BD1C 0000BD24
    0000BD24 0000BD2C 0000BD2C 0000BD34 0000BD34 0000BD3C 0000BD3C 0000BD44
    0000BD44 0000BD4C 0000BD4C 0000BD54 0000BD54 0000BD5C 0000BD5C 0000BD64
    0000BD64 0000BD6C 0000BD6C 0000BD74 0000BD74 0000BD7C 0000BD7C 0000BD84
    0000BD84 0000BD8C 0000BD8C 0000BD94 0000BD94 0000BD9C 0000BD9C 0000BDA4
    0000BDA4 0000BDAC 0000BDAC 0000BDB4 0000BDB4 0000BDBC 0000BDBC 0000BDC4
    0000BDC4 0000BDCC 0000BDCC 0000BDD4 0000BDD4 0000BDDC 0000BDDC 0000BDE4
    0000BDE4 0000BDEC 0000BDEC 0000BDF4 0000BDF4 0000BDFC 0000BDFC 0000BE04
    0000BE04 0000BE0C 0000BE0C 0000BE14 0000BE14 0000BE1C 0000BE1C 0000BE24
    0000BE24 0000BE2C 0000BE2C 0000BE34 0000BE34 0000BE3C 0000BE3C 0000BE44
    0000BE44 0000BE4C 0000BE4C 0000BE54 0000BE54 0000BE5C 0000BE5C 0000BE64
    0000BE64 0000BE6C 0000BE6C 0000BE74 0000BE74 0000BE7C 0000BE7C 0000BE84
    0000BE84 0000BE8C 0000BE8C 0000BE94 0000BE94 0000BE9C 0000BE9C 0000BEA4
    0000BEA4 0000BEAC 0000BEAC 0000BEB4 0000BEB4 0000BEBC 0000BEBC 0000BEC4
    0000BEC4 0000BECC 0000BECC 0000BED4 0000BED4 0000BEDC 0000BEDC 0000BEE4
    0000BEE4 0000BEEC 0000BEEC 0000BEF4 0000BEF4 0000BEFC 0000BEFC 0000BF04
    0000BF04 0000BF0C 0000BF0C 0000BF14 0000BF14 0000BF1C 0000BF1C 0000BF24
    0000BF24 0000BF2C 0000BF2C 0000BF34 0000BF34 00000001 00008170 00000000
    00001000
